Workbook

Sheet Instructions
A1: How to Use This Tracker
A4: 1. Settings — set your program Start Date (must be a Monday), baseline weight/waist, and goals. Everything else recalculates from this.
A5: 2. Strength Log — after each Mon/Wed/Fri session, fill in Sets Completed, Reps Completed, and Weight Used (lb) for each exercise.
A6: 3. Daily Log — after each jog, fill in Jog Distance (mi) and Jog Duration (min). Pace and strength completion are calculated automatically.
A7: 4. Weight & Waist — every weekend (Sunday), fill in that week's Weight (lb) and Waist (in). Week 0 is your baseline and is pre-filled.
A8: 5. Trends & Dashboard — these update automatically. Just open the Dashboard tab to see your progress charts.
A10: Blue text = cells you type into. Green text = formulas linking to another sheet. Black text = calculated formulas.
A11: If a chart looks empty, it's because there's no logged data yet for that week — it will populate as you fill in the log sheets.

Sheet Settings
A1: Program Settings
A2: Edit these values — everything else in the workbook updates automatically.
A4: Start Date (must be a Monday) | B4: 46209
A5: Baseline Weight (lb) | B5: 185
A6: Baseline Waist (in) | B6: 35
A7: Goal Weight (lb) | B7: 165
A8: Goal Waist (in) | B8: 32
A9: Baseline Monthly Mileage (mi) | B9: 60
A10: Target Strength Sessions / Week | B10: 3
A11: Program Length (weeks) | B11: 12

Sheet Plan Reference
A1: Exercise Plan Reference
A2: Source: INPUTS/amits_weekly_workout.md — used by Strength Log to look up target sets/reps.
A4: Workout Day | B4: Exercise | C4: Target Sets | D4: Target Reps
A5: Circuit A - Lower Body & Core (Monday) | B5: Goblet Squat | C5: 3 | D5: 12
A6: Circuit A - Lower Body & Core (Monday) | B6: Dumbbell Romanian Deadlift | C6: 3 | D6: 12
A7: Circuit A - Lower Body & Core (Monday) | B7: Dumbbell Walking Lunge | C7: 3 | D7: 10/leg
A8: Circuit A - Lower Body & Core (Monday) | B8: Glute Bridge | C8: 3 | D8: 15
A9: Circuit A - Lower Body & Core (Monday) | B9: Plank | C9: 3 | D9: 30-45 sec
A10: Circuit A - Lower Body & Core (Monday) | B10: Standing Calf Raise | C10: 3 | D10: 15
A11: Circuit B - Upper Body & Core (Wednesday) | B11: Dumbbell Floor Press | C11: 3 | D11: 12
A12: Circuit B - Upper Body & Core (Wednesday) | B12: Dumbbell Bent-Over Row | C12: 3 | D12: 12
A13: Circuit B - Upper Body & Core (Wednesday) | B13: Dumbbell Shoulder Press | C13: 3 | D13: 12
A14: Circuit B - Upper Body & Core (Wednesday) | B14: Band Pull-Apart | C14: 3 | D14: 15
A15: Circuit B - Upper Body & Core (Wednesday) | B15: Dumbbell Bicep Curl | C15: 3 | D15: 12
A16: Circuit B - Upper Body & Core (Wednesday) | B16: Dead Bug | C16: 3 | D16: 12/side
... A22: Circuit C - Full Body & Core (Friday) | B22: Mountain Climbers | C22: 3 | D22: 30 sec

Sheet Daily Log
A1: Daily Log
A2: One row per calendar day. Fill in Jog Distance/Duration on jog days; strength completion pulls automatically from Strength Log.
A4: Week # | B4: Date | C4: Day | D4: Planned Activity | E4: Jog Distance (mi) | F4: Jog Duration (min) | G4: Jog Pace (min/mi) | H4: Strength Exercises Logged | I4: Notes
A5: 1 | B5: =Settings!$B$4+(A5-1)*7+0 -> 46209 | C5: =TEXT(B5,"dddd") -> Monday | D5: Jog 3-4 mi + Circuit A | G5: =IFERROR(F5/E5,"") | H5: =COUNTIFS('Strength Log'!$B$5:$B$220,B5,'Strength Log'!$H$5:$H$220,"<>") -> 0
A6: 1 | B6: =Settings!$B$4+(A6-1)*7+1 -> 46210 | C6: =TEXT(B6,"dddd") -> Tuesday | D6: Mobility & Stretch | G6: =IFERROR(F6/E6,"") | H6: =COUNTIFS('Strength Log'!$B$5:$B$220,B6,'Strength Log'!$H$5:$H$220,"<>") -> 0
A7: 1 | B7: =Settings!$B$4+(A7-1)*7+2 -> 46211 | C7: =TEXT(B7,"dddd") -> Wednesday | D7: Jog 3-4 mi + Circuit B | G7: =IFERROR(F7/E7,"") | H7: =COUNTIFS('Strength Log'!$B$5:$B$220,B7,'Strength Log'!$H$5:$H$220,"<>") -> 0
A8: 1 | B8: =Settings!$B$4+(A8-1)*7+3 -> 46212 | C8: =TEXT(B8,"dddd") -> Thursday | D8: Optional walk / Rest | G8: =IFERROR(F8/E8,"") | H8: =COUNTIFS('Strength Log'!$B$5:$B$220,B8,'Strength Log'!$H$5:$H$220,"<>") -> 0
A9: 1 | B9: =Settings!$B$4+(A9-1)*7+4 -> 46213 | C9: =TEXT(B9,"dddd") -> Friday | D9: Jog 3-4 mi + Circuit C | G9: =IFERROR(F9/E9,"") | H9: =COUNTIFS('Strength Log'!$B$5:$B$220,B9,'Strength Log'!$H$5:$H$220,"<>") -> 0
A10: 1 | B10: =Settings!$B$4+(A10-1)*7+5 -> 46214 | C10: =TEXT(B10,"dddd") -> Saturday | D10: Long Jog ~4 mi | G10: =IFERROR(F10/E10,"") | H10: =COUNTIFS('Strength Log'!$B$5:$B$220,B10,'Strength Log'!$H$5:$H$220,"<>") -> 0
A11: 1 | B11: =Settings!$B$4+(A11-1)*7+6 -> 46215 | C11: =TEXT(B11,"dddd") -> Sunday | D11: Rest Day | G11: =IFERROR(F11/E11,"") | H11: =COUNTIFS('Strength Log'!$B$5:$B$220,B11,'Strength Log'!$H$5:$H$220,"<>") -> 0
A12: 2 | B12: =Settings!$B$4+(A12-1)*7+0 -> 46216 | C12: =TEXT(B12,"dddd") -> Monday | D12: Jog 3-4 mi + Circuit A | G12: =IFERROR(F12/E12,"") | H12: =COUNTIFS('Strength Log'!$B$5:$B$220,B12,'Strength Log'!$H$5:$H$220,"<>") -> 0
A13: 2 | B13: =Settings!$B$4+(A13-1)*7+1 -> 46217 | C13: =TEXT(B13,"dddd") -> Tuesday | D13: Mobility & Stretch | G13: =IFERROR(F13/E13,"") | H13: =COUNTIFS('Strength Log'!$B$5:$B$220,B13,'Strength Log'!$H$5:$H$220,"<>") -> 0
A14: 2 | B14: =Settings!$B$4+(A14-1)*7+2 -> 46218 | C14: =TEXT(B14,"dddd") -> Wednesday | D14: Jog 3-4 mi + Circuit B | G14: =IFERROR(F14/E14,"") | H14: =COUNTIFS('Strength Log'!$B$5:$B$220,B14,'Strength Log'!$H$5:$H$220,"<>") -> 0
A15: 2 | B15: =Settings!$B$4+(A15-1)*7+3 -> 46219 | C15: =TEXT(B15,"dddd") -> Thursday | D15: Optional walk / Rest | G15: =IFERROR(F15/E15,"") | H15: =COUNTIFS('Strength Log'!$B$5:$B$220,B15,'Strength Log'!$H$5:$H$220,"<>") -> 0
A16: 2 | B16: =Settings!$B$4+(A16-1)*7+4 -> 46220 | C16: =TEXT(B16,"dddd") -> Friday | D16: Jog 3-4 mi + Circuit C | G16: =IFERROR(F16/E16,"") | H16: =COUNTIFS('Strength Log'!$B$5:$B$220,B16,'Strength Log'!$H$5:$H$220,"<>") -> 0
A17: 2 | B17: =Settings!$B$4+(A17-1)*7+5 -> 46221 | C17: =TEXT(B17,"dddd") -> Saturday | D17: Long Jog ~4 mi | G17: =IFERROR(F17/E17,"") | H17: =COUNTIFS('Strength Log'!$B$5:$B$220,B17,'Strength Log'!$H$5:$H$220,"<>") -> 0
A18: 2 | B18: =Settings!$B$4+(A18-1)*7+6 -> 46222 | C18: =TEXT(B18,"dddd") -> Sunday | D18: Rest Day | G18: =IFERROR(F18/E18,"") | H18: =COUNTIFS('Strength Log'!$B$5:$B$220,B18,'Strength Log'!$H$5:$H$220,"<>") -> 0
A19: 3 | B19: =Settings!$B$4+(A19-1)*7+0 -> 46223 | C19: =TEXT(B19,"dddd") -> Monday | D19: Jog 3-4 mi + Circuit A | G19: =IFERROR(F19/E19,"") | H19: =COUNTIFS('Strength Log'!$B$5:$B$220,B19,'Strength Log'!$H$5:$H$220,"<>") -> 0
A20: 3 | B20: =Settings!$B$4+(A20-1)*7+1 -> 46224 | C20: =TEXT(B20,"dddd") -> Tuesday | D20: Mobility & Stretch | G20: =IFERROR(F20/E20,"") | H20: =COUNTIFS('Strength Log'!$B$5:$B$220,B20,'Strength Log'!$H$5:$H$220,"<>") -> 0
A21: 3 | B21: =Settings!$B$4+(A21-1)*7+2 -> 46225 | C21: =TEXT(B21,"dddd") -> Wednesday | D21: Jog 3-4 mi + Circuit B | G21: =IFERROR(F21/E21,"") | H21: =COUNTIFS('Strength Log'!$B$5:$B$220,B21,'Strength Log'!$H$5:$H$220,"<>") -> 0
A22: 3 | B22: =Settings!$B$4+(A22-1)*7+3 -> 46226 | C22: =TEXT(B22,"dddd") -> Thursday | D22: Optional walk / Rest | G22: =IFERROR(F22/E22,"") | H22: =COUNTIFS('Strength Log'!$B$5:$B$220,B22,'Strength Log'!$H$5:$H$220,"<>") -> 0
A23: 3 | B23: =Settings!$B$4+(A23-1)*7+4 -> 46227 | C23: =TEXT(B23,"dddd") -> Friday | D23: Jog 3-4 mi + Circuit C | G23: =IFERROR(F23/E23,"") | H23: =COUNTIFS('Strength Log'!$B$5:$B$220,B23,'Strength Log'!$H$5:$H$220,"<>") -> 0
A24: 3 | B24: =Settings!$B$4+(A24-1)*7+5 -> 46228 | C24: =TEXT(B24,"dddd") -> Saturday | D24: Long Jog ~4 mi | G24: =IFERROR(F24/E24,"") | H24: =COUNTIFS('Strength Log'!$B$5:$B$220,B24,'Strength Log'!$H$5:$H$220,"<>") -> 0
A25: 3 | B25: =Settings!$B$4+(A25-1)*7+6 -> 46229 | C25: =TEXT(B25,"dddd") -> Sunday | D25: Rest Day | G25: =IFERROR(F25/E25,"") | H25: =COUNTIFS('Strength Log'!$B$5:$B$220,B25,'Strength Log'!$H$5:$H$220,"<>") -> 0
A26: 4 | B26: =Settings!$B$4+(A26-1)*7+0 -> 46230 | C26: =TEXT(B26,"dddd") -> Monday | D26: Jog 3-4 mi + Circuit A | G26: =IFERROR(F26/E26,"") | H26: =COUNTIFS('Strength Log'!$B$5:$B$220,B26,'Strength Log'!$H$5:$H$220,"<>") -> 0
A27: 4 | B27: =Settings!$B$4+(A27-1)*7+1 -> 46231 | C27: =TEXT(B27,"dddd") -> Tuesday | D27: Mobility & Stretch | G27: =IFERROR(F27/E27,"") | H27: =COUNTIFS('Strength Log'!$B$5:$B$220,B27,'Strength Log'!$H$5:$H$220,"<>") -> 0
A28: 4 | B28: =Settings!$B$4+(A28-1)*7+2 -> 46232 | C28: =TEXT(B28,"dddd") -> Wednesday | D28: Jog 3-4 mi + Circuit B | G28: =IFERROR(F28/E28,"") | H28: =COUNTIFS('Strength Log'!$B$5:$B$220,B28,'Strength Log'!$H$5:$H$220,"<>") -> 0
A29: 4 | B29: =Settings!$B$4+(A29-1)*7+3 -> 46233 | C29: =TEXT(B29,"dddd") -> Thursday | D29: Optional walk / Rest | G29: =IFERROR(F29/E29,"") | H29: =COUNTIFS('Strength Log'!$B$5:$B$220,B29,'Strength Log'!$H$5:$H$220,"<>") -> 0
A30: 4 | B30: =Settings!$B$4+(A30-1)*7+4 -> 46234 | C30: =TEXT(B30,"dddd") -> Friday | D30: Jog 3-4 mi + Circuit C | G30: =IFERROR(F30/E30,"") | H30: =COUNTIFS('Strength Log'!$B$5:$B$220,B30,'Strength Log'!$H$5:$H$220,"<>") -> 0
A31: 4 | B31: =Settings!$B$4+(A31-1)*7+5 -> 46235 | C31: =TEXT(B31,"dddd") -> Saturday | D31: Long Jog ~4 mi | G31: =IFERROR(F31/E31,"") | H31: =COUNTIFS('Strength Log'!$B$5:$B$220,B31,'Strength Log'!$H$5:$H$220,"<>") -> 0
A32: 4 | B32: =Settings!$B$4+(A32-1)*7+6 -> 46236 | C32: =TEXT(B32,"dddd") -> Sunday | D32: Rest Day | G32: =IFERROR(F32/E32,"") | H32: =COUNTIFS('Strength Log'!$B$5:$B$220,B32,'Strength Log'!$H$5:$H$220,"<>") -> 0
A33: 5 | B33: =Settings!$B$4+(A33-1)*7+0 -> 46237 | C33: =TEXT(B33,"dddd") -> Monday | D33: Jog 3-4 mi + Circuit A | G33: =IFERROR(F33/E33,"") | H33: =COUNTIFS('Strength Log'!$B$5:$B$220,B33,'Strength Log'!$H$5:$H$220,"<>") -> 0
A34: 5 | B34: =Settings!$B$4+(A34-1)*7+1 -> 46238 | C34: =TEXT(B34,"dddd") -> Tuesday | D34: Mobility & Stretch | G34: =IFERROR(F34/E34,"") | H34: =COUNTIFS('Strength Log'!$B$5:$B$220,B34,'Strength Log'!$H$5:$H$220,"<>") -> 0
A35: 5 | B35: =Settings!$B$4+(A35-1)*7+2 -> 46239 | C35: =TEXT(B35,"dddd") -> Wednesday | D35: Jog 3-4 mi + Circuit B | G35: =IFERROR(F35/E35,"") | H35: =COUNTIFS('Strength Log'!$B$5:$B$220,B35,'Strength Log'!$H$5:$H$220,"<>") -> 0
A36: 5 | B36: =Settings!$B$4+(A36-1)*7+3 -> 46240 | C36: =TEXT(B36,"dddd") -> Thursday | D36: Optional walk / Rest | G36: =IFERROR(F36/E36,"") | H36: =COUNTIFS('Strength Log'!$B$5:$B$220,B36,'Strength Log'!$H$5:$H$220,"<>") -> 0
A37: 5 | B37: =Settings!$B$4+(A37-1)*7+4 -> 46241 | C37: =TEXT(B37,"dddd") -> Friday | D37: Jog 3-4 mi + Circuit C | G37: =IFERROR(F37/E37,"") | H37: =COUNTIFS('Strength Log'!$B$5:$B$220,B37,'Strength Log'!$H$5:$H$220,"<>") -> 0
A38: 5 | B38: =Settings!$B$4+(A38-1)*7+5 -> 46242 | C38: =TEXT(B38,"dddd") -> Saturday | D38: Long Jog ~4 mi | G38: =IFERROR(F38/E38,"") | H38: =COUNTIFS('Strength Log'!$B$5:$B$220,B38,'Strength Log'!$H$5:$H$220,"<>") -> 0
A39: 5 | B39: =Settings!$B$4+(A39-1)*7+6 -> 46243 | C39: =TEXT(B39,"dddd") -> Sunday | D39: Rest Day | G39: =IFERROR(F39/E39,"") | H39: =COUNTIFS('Strength Log'!$B$5:$B$220,B39,'Strength Log'!$H$5:$H$220,"<>") -> 0
A40: 6 | B40: =Settings!$B$4+(A40-1)*7+0 -> 46244 | C40: =TEXT(B40,"dddd") -> Monday | D40: Jog 3-4 mi + Circuit A | G40: =IFERROR(F40/E40,"") | H40: =COUNTIFS('Strength Log'!$B$5:$B$220,B40,'Strength Log'!$H$5:$H$220,"<>") -> 0
A41: 6 | B41: =Settings!$B$4+(A41-1)*7+1 -> 46245 | C41: =TEXT(B41,"dddd") -> Tuesday | D41: Mobility & Stretch | G41: =IFERROR(F41/E41,"") | H41: =COUNTIFS('Strength Log'!$B$5:$B$220,B41,'Strength Log'!$H$5:$H$220,"<>") -> 0
A42: 6 | B42: =Settings!$B$4+(A42-1)*7+2 -> 46246 | C42: =TEXT(B42,"dddd") -> Wednesday | D42: Jog 3-4 mi + Circuit B | G42: =IFERROR(F42/E42,"") | H42: =COUNTIFS('Strength Log'!$B$5:$B$220,B42,'Strength Log'!$H$5:$H$220,"<>") -> 0
A43: 6 | B43: =Settings!$B$4+(A43-1)*7+3 -> 46247 | C43: =TEXT(B43,"dddd") -> Thursday | D43: Optional walk / Rest | G43: =IFERROR(F43/E43,"") | H43: =COUNTIFS('Strength Log'!$B$5:$B$220,B43,'Strength Log'!$H$5:$H$220,"<>") -> 0
A44: 6 | B44: =Settings!$B$4+(A44-1)*7+4 -> 46248 | C44: =TEXT(B44,"dddd") -> Friday | D44: Jog 3-4 mi + Circuit C | G44: =IFERROR(F44/E44,"") | H44: =COUNTIFS('Strength Log'!$B$5:$B$220,B44,'Strength Log'!$H$5:$H$220,"<>") -> 0
A45: 6 | B45: =Settings!$B$4+(A45-1)*7+5 -> 46249 | C45: =TEXT(B45,"dddd") -> Saturday | D45: Long Jog ~4 mi | G45: =IFERROR(F45/E45,"") | H45: =COUNTIFS('Strength Log'!$B$5:$B$220,B45,'Strength Log'!$H$5:$H$220,"<>") -> 0
A46: 6 | B46: =Settings!$B$4+(A46-1)*7+6 -> 46250 | C46: =TEXT(B46,"dddd") -> Sunday | D46: Rest Day | G46: =IFERROR(F46/E46,"") | H46: =COUNTIFS('Strength Log'!$B$5:$B$220,B46,'Strength Log'!$H$5:$H$220,"<>") -> 0
A47: 7 | B47: =Settings!$B$4+(A47-1)*7+0 -> 46251 | C47: =TEXT(B47,"dddd") -> Monday | D47: Jog 3-4 mi + Circuit A | G47: =IFERROR(F47/E47,"") | H47: =COUNTIFS('Strength Log'!$B$5:$B$220,B47,'Strength Log'!$H$5:$H$220,"<>") -> 0
A48: 7 | B48: =Settings!$B$4+(A48-1)*7+1 -> 46252 | C48: =TEXT(B48,"dddd") -> Tuesday | D48: Mobility & Stretch | G48: =IFERROR(F48/E48,"") | H48: =COUNTIFS('Strength Log'!$B$5:$B$220,B48,'Strength Log'!$H$5:$H$220,"<>") -> 0
A49: 7 | B49: =Settings!$B$4+(A49-1)*7+2 -> 46253 | C49: =TEXT(B49,"dddd") -> Wednesday | D49: Jog 3-4 mi + Circuit B | G49: =IFERROR(F49/E49,"") | H49: =COUNTIFS('Strength Log'!$B$5:$B$220,B49,'Strength Log'!$H$5:$H$220,"<>") -> 0
A50: 7 | B50: =Settings!$B$4+(A50-1)*7+3 -> 46254 | C50: =TEXT(B50,"dddd") -> Thursday | D50: Optional walk / Rest | G50: =IFERROR(F50/E50,"") | H50: =COUNTIFS('Strength Log'!$B$5:$B$220,B50,'Strength Log'!$H$5:$H$220,"<>") -> 0
A51: 7 | B51: =Settings!$B$4+(A51-1)*7+4 -> 46255 | C51: =TEXT(B51,"dddd") -> Friday | D51: Jog 3-4 mi + Circuit C | G51: =IFERROR(F51/E51,"") | H51: =COUNTIFS('Strength Log'!$B$5:$B$220,B51,'Strength Log'!$H$5:$H$220,"<>") -> 0
A52: 7 | B52: =Settings!$B$4+(A52-1)*7+5 -> 46256 | C52: =TEXT(B52,"dddd") -> Saturday | D52: Long Jog ~4 mi | G52: =IFERROR(F52/E52,"") | H52: =COUNTIFS('Strength Log'!$B$5:$B$220,B52,'Strength Log'!$H$5:$H$220,"<>") -> 0
A53: 7 | B53: =Settings!$B$4+(A53-1)*7+6 -> 46257 | C53: =TEXT(B53,"dddd") -> Sunday | D53: Rest Day | G53: =IFERROR(F53/E53,"") | H53: =COUNTIFS('Strength Log'!$B$5:$B$220,B53,'Strength Log'!$H$5:$H$220,"<>") -> 0
A54: 8 | B54: =Settings!$B$4+(A54-1)*7+0 -> 46258 | C54: =TEXT(B54,"dddd") -> Monday | D54: Jog 3-4 mi + Circuit A | G54: =IFERROR(F54/E54,"") | H54: =COUNTIFS('Strength Log'!$B$5:$B$220,B54,'Strength Log'!$H$5:$H$220,"<>") -> 0
A55: 8 | B55: =Settings!$B$4+(A55-1)*7+1 -> 46259 | C55: =TEXT(B55,"dddd") -> Tuesday | D55: Mobility & Stretch | G55: =IFERROR(F55/E55,"") | H55: =COUNTIFS('Strength Log'!$B$5:$B$220,B55,'Strength Log'!$H$5:$H$220,"<>") -> 0
A56: 8 | B56: =Settings!$B$4+(A56-1)*7+2 -> 46260 | C56: =TEXT(B56,"dddd") -> Wednesday | D56: Jog 3-4 mi + Circuit B | G56: =IFERROR(F56/E56,"") | H56: =COUNTIFS('Strength Log'!$B$5:$B$220,B56,'Strength Log'!$H$5:$H$220,"<>") -> 0
A57: 8 | B57: =Settings!$B$4+(A57-1)*7+3 -> 46261 | C57: =TEXT(B57,"dddd") -> Thursday | D57: Optional walk / Rest | G57: =IFERROR(F57/E57,"") | H57: =COUNTIFS('Strength Log'!$B$5:$B$220,B57,'Strength Log'!$H$5:$H$220,"<>") -> 0
A58: 8 | B58: =Settings!$B$4+(A58-1)*7+4 -> 46262 | C58: =TEXT(B58,"dddd") -> Friday | D58: Jog 3-4 mi + Circuit C | G58: =IFERROR(F58/E58,"") | H58: =COUNTIFS('Strength Log'!$B$5:$B$220,B58,'Strength Log'!$H$5:$H$220,"<>") -> 0
A59: 8 | B59: =Settings!$B$4+(A59-1)*7+5 -> 46263 | C59: =TEXT(B59,"dddd") -> Saturday | D59: Long Jog ~4 mi | G59: =IFERROR(F59/E59,"") | H59: =COUNTIFS('Strength Log'!$B$5:$B$220,B59,'Strength Log'!$H$5:$H$220,"<>") -> 0
A60: 8 | B60: =Settings!$B$4+(A60-1)*7+6 -> 46264 | C60: =TEXT(B60,"dddd") -> Sunday | D60: Rest Day | G60: =IFERROR(F60/E60,"") | H60: =COUNTIFS('Strength Log'!$B$5:$B$220,B60,'Strength Log'!$H$5:$H$220,"<>") -> 0
A61: 9 | B61: =Settings!$B$4+(A61-1)*7+0 -> 46265 | C61: =TEXT(B61,"dddd") -> Monday | D61: Jog 3-4 mi + Circuit A | G61: =IFERROR(F61/E61,"") | H61: =COUNTIFS('Strength Log'!$B$5:$B$220,B61,'Strength Log'!$H$5:$H$220,"<>") -> 0
A62: 9 | B62: =Settings!$B$4+(A62-1)*7+1 -> 46266 | C62: =TEXT(B62,"dddd") -> Tuesday | D62: Mobility & Stretch | G62: =IFERROR(F62/E62,"") | H62: =COUNTIFS('Strength Log'!$B$5:$B$220,B62,'Strength Log'!$H$5:$H$220,"<>") -> 0
A63: 9 | B63: =Settings!$B$4+(A63-1)*7+2 -> 46267 | C63: =TEXT(B63,"dddd") -> Wednesday | D63: Jog 3-4 mi + Circuit B | G63: =IFERROR(F63/E63,"") | H63: =COUNTIFS('Strength Log'!$B$5:$B$220,B63,'Strength Log'!$H$5:$H$220,"<>") -> 0
A64: 9 | B64: =Settings!$B$4+(A64-1)*7+3 -> 46268 | C64: =TEXT(B64,"dddd") -> Thursday | D64: Optional walk / Rest | G64: =IFERROR(F64/E64,"") | H64: =COUNTIFS('Strength Log'!$B$5:$B$220,B64,'Strength Log'!$H$5:$H$220,"<>") -> 0
A65: 9 | B65: =Settings!$B$4+(A65-1)*7+4 -> 46269 | C65: =TEXT(B65,"dddd") -> Friday | D65: Jog 3-4 mi + Circuit C | G65: =IFERROR(F65/E65,"") | H65: =COUNTIFS('Strength Log'!$B$5:$B$220,B65,'Strength Log'!$H$5:$H$220,"<>") -> 0
A66: 9 | B66: =Settings!$B$4+(A66-1)*7+5 -> 46270 | C66: =TEXT(B66,"dddd") -> Saturday | D66: Long Jog ~4 mi | G66: =IFERROR(F66/E66,"") | H66: =COUNTIFS('Strength Log'!$B$5:$B$220,B66,'Strength Log'!$H$5:$H$220,"<>") -> 0
A67: 9 | B67: =Settings!$B$4+(A67-1)*7+6 -> 46271 | C67: =TEXT(B67,"dddd") -> Sunday | D67: Rest Day | G67: =IFERROR(F67/E67,"") | H67: =COUNTIFS('Strength Log'!$B$5:$B$220,B67,'Strength Log'!$H$5:$H$220,"<>") -> 0
A68: 10 | B68: =Settings!$B$4+(A68-1)*7+0 -> 46272 | C68: =TEXT(B68,"dddd") -> Monday | D68: Jog 3-4 mi + Circuit A | G68: =IFERROR(F68/E68,"") | H68: =COUNTIFS('Strength Log'!$B$5:$B$220,B68,'Strength Log'!$H$5:$H$220,"<>") -> 0
A69: 10 | B69: =Settings!$B$4+(A69-1)*7+1 -> 46273 | C69: =TEXT(B69,"dddd") -> Tuesday | D69: Mobility & Stretch | G69: =IFERROR(F69/E69,"") | H69: =COUNTIFS('Strength Log'!$B$5:$B$220,B69,'Strength Log'!$H$5:$H$220,"<>") -> 0
A70: 10 | B70: =Settings!$B$4+(A70-1)*7+2 -> 46274 | C70: =TEXT(B70,"dddd") -> Wednesday | D70: Jog 3-4 mi + Circuit B | G70: =IFERROR(F70/E70,"") | H70: =COUNTIFS('Strength Log'!$B$5:$B$220,B70,'Strength Log'!$H$5:$H$220,"<>") -> 0
A71: 10 | B71: =Settings!$B$4+(A71-1)*7+3 -> 46275 | C71: =TEXT(B71,"dddd") -> Thursday | D71: Optional walk / Rest | G71: =IFERROR(F71/E71,"") | H71: =COUNTIFS('Strength Log'!$B$5:$B$220,B71,'Strength Log'!$H$5:$H$220,"<>") -> 0
A72: 10 | B72: =Settings!$B$4+(A72-1)*7+4 -> 46276 | C72: =TEXT(B72,"dddd") -> Friday | D72: Jog 3-4 mi + Circuit C | G72: =IFERROR(F72/E72,"") | H72: =COUNTIFS('Strength Log'!$B$5:$B$220,B72,'Strength Log'!$H$5:$H$220,"<>") -> 0
A73: 10 | B73: =Settings!$B$4+(A73-1)*7+5 -> 46277 | C73: =TEXT(B73,"dddd") -> Saturday | D73: Long Jog ~4 mi | G73: =IFERROR(F73/E73,"") | H73: =COUNTIFS('Strength Log'!$B$5:$B$220,B73,'Strength Log'!$H$5:$H$220,"<>") -> 0
A74: 10 | B74: =Settings!$B$4+(A74-1)*7+6 -> 46278 | C74: =TEXT(B74,"dddd") -> Sunday | D74: Rest Day | G74: =IFERROR(F74/E74,"") | H74: =COUNTIFS('Strength Log'!$B$5:$B$220,B74,'Strength Log'!$H$5:$H$220,"<>") -> 0
A75: 11 | B75: =Settings!$B$4+(A75-1)*7+0 -> 46279 | C75: =TEXT(B75,"dddd") -> Monday | D75: Jog 3-4 mi + Circuit A | G75: =IFERROR(F75/E75,"") | H75: =COUNTIFS('Strength Log'!$B$5:$B$220,B75,'Strength Log'!$H$5:$H$220,"<>") -> 0
A76: 11 | B76: =Settings!$B$4+(A76-1)*7+1 -> 46280 | C76: =TEXT(B76,"dddd") -> Tuesday | D76: Mobility & Stretch | G76: =IFERROR(F76/E76,"") | H76: =COUNTIFS('Strength Log'!$B$5:$B$220,B76,'Strength Log'!$H$5:$H$220,"<>") -> 0
A77: 11 | B77: =Settings!$B$4+(A77-1)*7+2 -> 46281 | C77: =TEXT(B77,"dddd") -> Wednesday | D77: Jog 3-4 mi + Circuit B | G77: =IFERROR(F77/E77,"") | H77: =COUNTIFS('Strength Log'!$B$5:$B$220,B77,'Strength Log'!$H$5:$H$220,"<>") -> 0
A78: 11 | B78: =Settings!$B$4+(A78-1)*7+3 -> 46282 | C78: =TEXT(B78,"dddd") -> Thursday | D78: Optional walk / Rest | G78: =IFERROR(F78/E78,"") | H78: =COUNTIFS('Strength Log'!$B$5:$B$220,B78,'Strength Log'!$H$5:$H$220,"<>") -> 0
A79: 11 | B79: =Settings!$B$4+(A79-1)*7+4 -> 46283 | C79: =TEXT(B79,"dddd") -> Friday | D79: Jog 3-4 mi + Circuit C | G79: =IFERROR(F79/E79,"") | H79: =COUNTIFS('Strength Log'!$B$5:$B$220,B79,'Strength Log'!$H$5:$H$220,"<>") -> 0
A80: 11 | B80: =Settings!$B$4+(A80-1)*7+5 -> 46284 | C80: =TEXT(B80,"dddd") -> Saturday | D80: Long Jog ~4 mi | G80: =IFERROR(F80/E80,"") | H80: =COUNTIFS('Strength Log'!$B$5:$B$220,B80,'Strength Log'!$H$5:$H$220,"<>") -> 0
A81: 11 | B81: =Settings!$B$4+(A81-1)*7+6 -> 46285 | C81: =TEXT(B81,"dddd") -> Sunday | D81: Rest Day | G81: =IFERROR(F81/E81,"") | H81: =COUNTIFS('Strength Log'!$B$5:$B$220,B81,'Strength Log'!$H$5:$H$220,"<>") -> 0
A82: 12 | B82: =Settings!$B$4+(A82-1)*7+0 -> 46286 | C82: =TEXT(B82,"dddd") -> Monday | D82: Jog 3-4 mi + Circuit A | G82: =IFERROR(F82/E82,"") | H82: =COUNTIFS('Strength Log'!$B$5:$B$220,B82,'Strength Log'!$H$5:$H$220,"<>") -> 0
A83: 12 | B83: =Settings!$B$4+(A83-1)*7+1 -> 46287 | C83: =TEXT(B83,"dddd") -> Tuesday | D83: Mobility & Stretch | G83: =IFERROR(F83/E83,"") | H83: =COUNTIFS('Strength Log'!$B$5:$B$220,B83,'Strength Log'!$H$5:$H$220,"<>") -> 0
A84: 12 | B84: =Settings!$B$4+(A84-1)*7+2 -> 46288 | C84: =TEXT(B84,"dddd") -> Wednesday | D84: Jog 3-4 mi + Circuit B | G84: =IFERROR(F84/E84,"") | H84: =COUNTIFS('Strength Log'!$B$5:$B$220,B84,'Strength Log'!$H$5:$H$220,"<>") -> 0
A85: 12 | B85: =Settings!$B$4+(A85-1)*7+3 -> 46289 | C85: =TEXT(B85,"dddd") -> Thursday | D85: Optional walk / Rest | G85: =IFERROR(F85/E85,"") | H85: =COUNTIFS('Strength Log'!$B$5:$B$220,B85,'Strength Log'!$H$5:$H$220,"<>") -> 0
A86: 12 | B86: =Settings!$B$4+(A86-1)*7+4 -> 46290 | C86: =TEXT(B86,"dddd") -> Friday | D86: Jog 3-4 mi + Circuit C | G86: =IFERROR(F86/E86,"") | H86: =COUNTIFS('Strength Log'!$B$5:$B$220,B86,'Strength Log'!$H$5:$H$220,"<>") -> 0
A87: 12 | B87: =Settings!$B$4+(A87-1)*7+5 -> 46291 | C87: =TEXT(B87,"dddd") -> Saturday | D87: Long Jog ~4 mi | G87: =IFERROR(F87/E87,"") | H87: =COUNTIFS('Strength Log'!$B$5:$B$220,B87,'Strength Log'!$H$5:$H$220,"<>") -> 0
A88: 12 | B88: =Settings!$B$4+(A88-1)*7+6 -> 46292 | C88: =TEXT(B88,"dddd") -> Sunday | D88: Rest Day | G88: =IFERROR(F88/E88,"") | H88: =COUNTIFS('Strength Log'!$B$5:$B$220,B88,'Strength Log'!$H$5:$H$220,"<>") -> 0

Sheet Strength Log
A1: Strength Log
A2: Fill in Sets/Reps Completed and Weight Used after each strength session. This is the source data for exercise trend charts.
A4: Week # | B4: Date | C4: Day | D4: Workout Day | E4: Exercise | F4: Target Sets | G4: Target Reps | H4: Sets Completed | I4: Reps Completed | J4: Weight Used (lb) | K4: Notes
A5: 1 | B5: =Settings!$B$4+(A5-1)*7+0 -> 46209 | C5: =TEXT(B5,"dddd") -> Monday | D5: Circuit A - Lower Body & Core (Monday) | E5: Goblet Squat | F5: =INDEX('Plan Reference'!$C$5:$C$22,MATCH(E5,'Plan Reference'!$B$5:$B$22,0)) -> 3 | G5: =INDEX('Plan Reference'!$D$5:$D$22,MATCH(E5,'Plan Reference'!$B$5:$B$22,0)) -> 12
A6: 1 | B6: =Settings!$B$4+(A6-1)*7+0 -> 46209 | C6: =TEXT(B6,"dddd") -> Monday | D6: Circuit A - Lower Body & Core (Monday) | E6: Dumbbell Romanian Deadlift | F6: =INDEX('Plan Reference'!$C$5:$C$22,MATCH(E6,'Plan Reference'!$B$5:$B$22,0)) -> 3 | G6: =INDEX('Plan Reference'!$D$5:$D$22,MATCH(E6,'Plan Reference'!$B$5:$B$22,0)) -> 12
A7: 1 | B7: =Settings!$B$4+(A7-1)*7+0 -> 46209 | C7: =TEXT(B7,"dddd") -> Monday | D7: Circuit A - Lower Body & Core (Monday) | E7: Dumbbell Walking Lunge | F7: =INDEX('Plan Reference'!$C$5:$C$22,MATCH(E7,'Plan Reference'!$B$5:$B$22,0)) -> 3 | G7: =INDEX('Plan Reference'!$D$5:$D$22,MATCH(E7,'Plan Reference'!$B$5:$B$22,0)) -> 10/leg
A8: 1 | B8: =Settings!$B$4+(A8-1)*7+0 -> 46209 | C8: =TEXT(B8,"dddd") -> Monday | D8: Circuit A - Lower Body & Core (Monday) | E8: Glute Bridge | F8: =INDEX('Plan Reference'!$C$5:$C$22,MATCH(E8,'Plan Reference'!$B$5:$B$22,0)) -> 3 | G8: =INDEX('Plan Reference'!$D$5:$D$22,MATCH(E8,'Plan Reference'!$B$5:$B$22,0)) -> 15
A9: 1 | B9: =Settings!$B$4+(A9-1)*7+0 -> 46209 | C9: =TEXT(B9,"dddd") -> Monday | D9: Circuit A - Lower Body & Core (Monday) | E9: Plank | F9: =INDEX('Plan Reference'!$C$5:$C$22,MATCH(E9,'Plan Reference'!$B$5:$B$22,0)) -> 3 | G9: =INDEX('Plan Reference'!$D$5:$D$22,MATCH(E9,'Plan Reference'!$B$5:$B$22,0)) -> 30-45 sec
A10: 1 | B10: =Settings!$B$4+(A10-1)*7+0 -> 46209 | C10: =TEXT(B10,"dddd") -> Monday | D10: Circuit A - Lower Body & Core (Monday) | E10: Standing Calf Raise | F10: =INDEX('Plan Reference'!$C$5:$C$22,MATCH(E10,'Plan Reference'!$B$5:$B$22,0)) -> 3 | G10: =INDEX('Plan Reference'!$D$5:$D$22,MATCH(E10,'Plan Reference'!$B$5:$B$22,0)) -> 15
A11: 1 | B11: =Settings!$B$4+(A11-1)*7+2 -> 46211 | C11: =TEXT(B11,"dddd") -> Wednesday | D11: Circuit B - Upper Body & Core (Wednesday) | E11: Dumbbell Floor Press | F11: =INDEX('Plan Reference'!$C$5:$C$22,MATCH(E11,'Plan Reference'!$B$5:$B$22,0)) -> 3 | G11: =INDEX('Plan Reference'!$D$5:$D$22,MATCH(E11,'Plan Reference'!$B$5:$B$22,0)) -> 12
A12: 1 | B12: =Settings!$B$4+(A12-1)*7+2 -> 46211 | C12: =TEXT(B12,"dddd") -> Wednesday | D12: Circuit B - Upper Body & Core (Wednesday) | E12: Dumbbell Bent-Over Row | F12: =INDEX('Plan Reference'!$C$5:$C$22,MATCH(E12,'Plan Reference'!$B$5:$B$22,0)) -> 3 | G12: =INDEX('Plan Reference'!$D$5:$D$22,MATCH(E12,'Plan Reference'!$B$5:$B$22,0)) -> 12
A13: 1 | B13: =Settings!$B$4+(A13-1)*7+2 -> 46211 | C13: =TEXT(B13,"dddd") -> Wednesday | D13: Circuit B - Upper Body & Core (Wednesday) | E13: Dumbbell Shoulder Press | F13: =INDEX('Plan Reference'!$C$5:$C$22,MATCH(E13,'Plan Reference'!$B$5:$B$22,0)) -> 3 | G13: =INDEX('Plan Reference'!$D$5:$D$22,MATCH(E13,'Plan Reference'!$B$5:$B$22,0)) -> 12
A14: 1 | B14: =Settings!$B$4+(A14-1)*7+2 -> 46211 | C14: =TEXT(B14,"dddd") -> Wednesday | D14: Circuit B - Upper Body & Core (Wednesday) | E14: Band Pull-Apart | F14: =INDEX('Plan Reference'!$C$5:$C$22,MATCH(E14,'Plan Reference'!$B$5:$B$22,0)) -> 3 | G14: =INDEX('Plan Reference'!$D$5:$D$22,MATCH(E14,'Plan Reference'!$B$5:$B$22,0)) -> 15
A15: 1 | B15: =Settings!$B$4+(A15-1)*7+2 -> 46211 | C15: =TEXT(B15,"dddd") -> Wednesday | D15: Circuit B - Upper Body & Core (Wednesday) | E15: Dumbbell Bicep Curl | F15: =INDEX('Plan Reference'!$C$5:$C$22,MATCH(E15,'Plan Reference'!$B$5:$B$22,0)) -> 3 | G15: =INDEX('Plan Reference'!$D$5:$D$22,MATCH(E15,'Plan Reference'!$B$5:$B$22,0)) -> 12
A16: 1 | B16: =Settings!$B$4+(A16-1)*7+2 -> 46211 | C16: =TEXT(B16,"dddd") -> Wednesday | D16: Circuit B - Upper Body & Core (Wednesday) | E16: Dead Bug | F16: =INDEX('Plan Reference'!$C$5:$C$22,MATCH(E16,'Plan Reference'!$B$5:$B$22,0)) -> 3 | G16: =INDEX('Plan Reference'!$D$5:$D$22,MATCH(E16,'Plan Reference'!$B$5:$B$22,0)) -> 12/side
A17: 1 | B17: =Settings!$B$4+(A17-1)*7+4 -> 46213 | C17: =TEXT(B17,"dddd") -> Friday | D17: Circuit C - Full Body & Core (Friday) | E17: Dumbbell Thruster | F17: =INDEX('Plan Reference'!$C$5:$C$22,MATCH(E17,'Plan Reference'!$B$5:$B$22,0)) -> 3 | G17: =INDEX('Plan Reference'!$D$5:$D$22,MATCH(E17,'Plan Reference'!$B$5:$B$22,0)) -> 12
A18: 1 | B18: =Settings!$B$4+(A18-1)*7+4 -> 46213 | C18: =TEXT(B18,"dddd") -> Friday | D18: Circuit C - Full Body & Core (Friday) | E18: Renegade Row | F18: =INDEX('Plan Reference'!$C$5:$C$22,MATCH(E18,'Plan Reference'!$B$5:$B$22,0)) -> 3 | G18: =INDEX('Plan Reference'!$D$5:$D$22,MATCH(E18,'Plan Reference'!$B$5:$B$22,0)) -> 10/side
A19: 1 | B19: =Settings!$B$4+(A19-1)*7+4 -> 46213 | C19: =TEXT(B19,"dddd") -> Friday | D19: Circuit C - Full Body & Core (Friday) | E19: Reverse Lunge to Curl | F19: =INDEX('Plan Reference'!$C$5:$C$22,MATCH(E19,'Plan Reference'!$B$5:$B$22,0)) -> 3 | G19: =INDEX('Plan Reference'!$D$5:$D$22,MATCH(E19,'Plan Reference'!$B$5:$B$22,0)) -> 10/leg
A20: 1 | B20: =Settings!$B$4+(A20-1)*7+4 -> 46213 | C20: =TEXT(B20,"dddd") -> Friday | D20: Circuit C - Full Body & Core (Friday) | E20: Bird Dog | F20: =INDEX('Plan Reference'!$C$5:$C$22,MATCH(E20,'Plan Reference'!$B$5:$B$22,0)) -> 3 | G20: =INDEX('Plan Reference'!$D$5:$D$22,MATCH(E20,'Plan Reference'!$B$5:$B$22,0)) -> 12/side
A21: 1 | B21: =Settings!$B$4+(A21-1)*7+4 -> 46213 | C21: =TEXT(B21,"dddd") -> Friday | D21: Circuit C - Full Body & Core (Friday) | E21: Side Plank | F21: =INDEX('Plan Reference'!$C$5:$C$22,MATCH(E21,'Plan Reference'!$B$5:$B$22,0)) -> 3 | G21: =INDEX('Plan Reference'!$D$5:$D$22,MATCH(E21,'Plan Reference'!$B$5:$B$22,0)) -> 20-30 sec/side
A22: 1 | B22: =Settings!$B$4+(A22-1)*7+4 -> 46213 | C22: =TEXT(B22,"dddd") -> Friday | D22: Circuit C - Full Body & Core (Friday) | E22: Mountain Climbers | F22: =INDEX('Plan Reference'!$C$5:$C$22,MATCH(E22,'Plan Reference'!$B$5:$B$22,0)) -> 3 | G22: =INDEX('Plan Reference'!$D$5:$D$22,MATCH(E22,'Plan Reference'!$B$5:$B$22,0)) -> 30 sec
A23: 2 | B23: =Settings!$B$4+(A23-1)*7+0 -> 46216 | C23: =TEXT(B23,"dddd") -> Monday | D23: Circuit A - Lower Body & Core (Monday) | E23: Goblet Squat | F23: =INDEX('Plan Reference'!$C$5:$C$22,MATCH(E23,'Plan Reference'!$B$5:$B$22,0)) -> 3 | G23: =INDEX('Plan Reference'!$D$5:$D$22,MATCH(E23,'Plan Reference'!$B$5:$B$22,0)) -> 12
A24: 2 | B24: =Settings!$B$4+(A24-1)*7+0 -> 46216 | C24: =TEXT(B24,"dddd") -> Monday | D24: Circuit A - Lower Body & Core (Monday) | E24: Dumbbell Romanian Deadlift | F24: =INDEX('Plan Reference'!$C$5:$C$22,MATCH(E24,'Plan Reference'!$B$5:$B$22,0)) -> 3 | G24: =INDEX('Plan Reference'!$D$5:$D$22,MATCH(E24,'Plan Reference'!$B$5:$B$22,0)) -> 12
A25: 2 | B25: =Settings!$B$4+(A25-1)*7+0 -> 46216 | C25: =TEXT(B25,"dddd") -> Monday | D25: Circuit A - Lower Body & Core (Monday) | E25: Dumbbell Walking Lunge | F25: =INDEX('Plan Reference'!$C$5:$C$22,MATCH(E25,'Plan Reference'!$B$5:$B$22,0)) -> 3 | G25: =INDEX('Plan Reference'!$D$5:$D$22,MATCH(E25,'Plan Reference'!$B$5:$B$22,0)) -> 10/leg
A26: 2 | B26: =Settings!$B$4+(A26-1)*7+0 -> 46216 | C26: =TEXT(B26,"dddd") -> Monday | D26: Circuit A - Lower Body & Core (Monday) | E26: Glute Bridge | F26: =INDEX('Plan Reference'!$C$5:$C$22,MATCH(E26,'Plan Reference'!$B$5:$B$22,0)) -> 3 | G26: =INDEX('Plan Reference'!$D$5:$D$22,MATCH(E26,'Plan Reference'!$B$5:$B$22,0)) -> 15
A27: 2 | B27: =Settings!$B$4+(A27-1)*7+0 -> 46216 | C27: =TEXT(B27,"dddd") -> Monday | D27: Circuit A - Lower Body & Core (Monday) | E27: Plank | F27: =INDEX('Plan Reference'!$C$5:$C$22,MATCH(E27,'Plan Reference'!$B$5:$B$22,0)) -> 3 | G27: =INDEX('Plan Reference'!$D$5:$D$22,MATCH(E27,'Plan Reference'!$B$5:$B$22,0)) -> 30-45 sec
A28: 2 | B28: =Settings!$B$4+(A28-1)*7+0 -> 46216 | C28: =TEXT(B28,"dddd") -> Monday | D28: Circuit A - Lower Body & Core (Monday) | E28: Standing Calf Raise | F28: =INDEX('Plan Reference'!$C$5:$C$22,MATCH(E28,'Plan Reference'!$B$5:$B$22,0)) -> 3 | G28: =INDEX('Plan Reference'!$D$5:$D$22,MATCH(E28,'Plan Reference'!$B$5:$B$22,0)) -> 15
A29: 2 | B29: =Settings!$B$4+(A29-1)*7+2 -> 46218 | C29: =TEXT(B29,"dddd") -> Wednesday | D29: Circuit B - Upper Body & Core (Wednesday) | E29: Dumbbell Floor Press | F29: =INDEX('Plan Reference'!$C$5:$C$22,MATCH(E29,'Plan Reference'!$B$5:$B$22,0)) -> 3 | G29: =INDEX('Plan Reference'!$D$5:$D$22,MATCH(E29,'Plan Reference'!$B$5:$B$22,0)) -> 12
A30: 2 | B30: =Settings!$B$4+(A30-1)*7+2 -> 46218 | C30: =TEXT(B30,"dddd") -> Wednesday | D30: Circuit B - Upper Body & Core (Wednesday) | E30: Dumbbell Bent-Over Row | F30: =INDEX('Plan Reference'!$C$5:$C$22,MATCH(E30,'Plan Reference'!$B$5:$B$22,0)) -> 3 | G30: =INDEX('Plan Reference'!$D$5:$D$22,MATCH(E30,'Plan Reference'!$B$5:$B$22,0)) -> 12
A31: 2 | B31: =Settings!$B$4+(A31-1)*7+2 -> 46218 | C31: =TEXT(B31,"dddd") -> Wednesday | D31: Circuit B - Upper Body & Core (Wednesday) | E31: Dumbbell Shoulder Press | F31: =INDEX('Plan Reference'!$C$5:$C$22,MATCH(E31,'Plan Reference'!$B$5:$B$22,0)) -> 3 | G31: =INDEX('Plan Reference'!$D$5:$D$22,MATCH(E31,'Plan Reference'!$B$5:$B$22,0)) -> 12
A32: 2 | B32: =Settings!$B$4+(A32-1)*7+2 -> 46218 | C32: =TEXT(B32,"dddd") -> Wednesday | D32: Circuit B - Upper Body & Core (Wednesday) | E32: Band Pull-Apart | F32: =INDEX('Plan Reference'!$C$5:$C$22,MATCH(E32,'Plan Reference'!$B$5:$B$22,0)) -> 3 | G32: =INDEX('Plan Reference'!$D$5:$D$22,MATCH(E32,'Plan Reference'!$B$5:$B$22,0)) -> 15
A33: 2 | B33: =Settings!$B$4+(A33-1)*7+2 -> 46218 | C33: =TEXT(B33,"dddd") -> Wednesday | D33: Circuit B - Upper Body & Core (Wednesday) | E33: Dumbbell Bicep Curl | F33: =INDEX('Plan Reference'!$C$5:$C$22,MATCH(E33,'Plan Reference'!$B$5:$B$22,0)) -> 3 | G33: =INDEX('Plan Reference'!$D$5:$D$22,MATCH(E33,'Plan Reference'!$B$5:$B$22,0)) -> 12
A34: 2 | B34: =Settings!$B$4+(A34-1)*7+2 -> 46218 | C34: =TEXT(B34,"dddd") -> Wednesday | D34: Circuit B - Upper Body & Core (Wednesday) | E34: Dead Bug | F34: =INDEX('Plan Reference'!$C$5:$C$22,MATCH(E34,'Plan Reference'!$B$5:$B$22,0)) -> 3 | G34: =INDEX('Plan Reference'!$D$5:$D$22,MATCH(E34,'Plan Reference'!$B$5:$B$22,0)) -> 12/side
A35: 2 | B35: =Settings!$B$4+(A35-1)*7+4 -> 46220 | C35: =TEXT(B35,"dddd") -> Friday | D35: Circuit C - Full Body & Core (Friday) | E35: Dumbbell Thruster | F35: =INDEX('Plan Reference'!$C$5:$C$22,MATCH(E35,'Plan Reference'!$B$5:$B$22,0)) -> 3 | G35: =INDEX('Plan Reference'!$D$5:$D$22,MATCH(E35,'Plan Reference'!$B$5:$B$22,0)) -> 12
A36: 2 | B36: =Settings!$B$4+(A36-1)*7+4 -> 46220 | C36: =TEXT(B36,"dddd") -> Friday | D36: Circuit C - Full Body & Core (Friday) | E36: Renegade Row | F36: =INDEX('Plan Reference'!$C$5:$C$22,MATCH(E36,'Plan Reference'!$B$5:$B$22,0)) -> 3 | G36: =INDEX('Plan Reference'!$D$5:$D$22,MATCH(E36,'Plan Reference'!$B$5:$B$22,0)) -> 10/side
A37: 2 | B37: =Settings!$B$4+(A37-1)*7+4 -> 46220 | C37: =TEXT(B37,"dddd") -> Friday | D37: Circuit C - Full Body & Core (Friday) | E37: Reverse Lunge to Curl | F37: =INDEX('Plan Reference'!$C$5:$C$22,MATCH(E37,'Plan Reference'!$B$5:$B$22,0)) -> 3 | G37: =INDEX('Plan Reference'!$D$5:$D$22,MATCH(E37,'Plan Reference'!$B$5:$B$22,0)) -> 10/leg
A38: 2 | B38: =Settings!$B$4+(A38-1)*7+4 -> 46220 | C38: =TEXT(B38,"dddd") -> Friday | D38: Circuit C - Full Body & Core (Friday) | E38: Bird Dog | F38: =INDEX('Plan Reference'!$C$5:$C$22,MATCH(E38,'Plan Reference'!$B$5:$B$22,0)) -> 3 | G38: =INDEX('Plan Reference'!$D$5:$D$22,MATCH(E38,'Plan Reference'!$B$5:$B$22,0)) -> 12/side
A39: 2 | B39: =Settings!$B$4+(A39-1)*7+4 -> 46220 | C39: =TEXT(B39,"dddd") -> Friday | D39: Circuit C - Full Body & Core (Friday) | E39: Side Plank | F39: =INDEX('Plan Reference'!$C$5:$C$22,MATCH(E39,'Plan Reference'!$B$5:$B$22,0)) -> 3 | G39: =INDEX('Plan Reference'!$D$5:$D$22,MATCH(E39,'Plan Reference'!$B$5:$B$22,0)) -> 20-30 sec/side
A40: 2 | B40: =Settings!$B$4+(A40-1)*7+4 -> 46220 | C40: =TEXT(B40,"dddd") -> Friday | D40: Circuit C - Full Body & Core (Friday) | E40: Mountain Climbers | F40: =INDEX('Plan Reference'!$C$5:$C$22,MATCH(E40,'Plan Reference'!$B$5:$B$22,0)) -> 3 | G40: =INDEX('Plan Reference'!$D$5:$D$22,MATCH(E40,'Plan Reference'!$B$5:$B$22,0)) -> 30 sec
A41: 3 | B41: =Settings!$B$4+(A41-1)*7+0 -> 46223 | C41: =TEXT(B41,"dddd") -> Monday | D41: Circuit A - Lower Body & Core (Monday) | E41: Goblet Squat | F41: =INDEX('Plan Reference'!$C$5:$C$22,MATCH(E41,'Plan Reference'!$B$5:$B$22,0)) -> 3 | G41: =INDEX('Plan Reference'!$D$5:$D$22,MATCH(E41,'Plan Reference'!$B$5:$B$22,0)) -> 12
A42: 3 | B42: =Settings!$B$4+(A42-1)*7+0 -> 46223 | C42: =TEXT(B42,"dddd") -> Monday | D42: Circuit A - Lower Body & Core (Monday) | E42: Dumbbell Romanian Deadlift | F42: =INDEX('Plan Reference'!$C$5:$C$22,MATCH(E42,'Plan Reference'!$B$5:$B$22,0)) -> 3 | G42: =INDEX('Plan Reference'!$D$5:$D$22,MATCH(E42,'Plan Reference'!$B$5:$B$22,0)) -> 12
A43: 3 | B43: =Settings!$B$4+(A43-1)*7+0 -> 46223 | C43: =TEXT(B43,"dddd") -> Monday | D43: Circuit A - Lower Body & Core (Monday) | E43: Dumbbell Walking Lunge | F43: =INDEX('Plan Reference'!$C$5:$C$22,MATCH(E43,'Plan Reference'!$B$5:$B$22,0)) -> 3 | G43: =INDEX('Plan Reference'!$D$5:$D$22,MATCH(E43,'Plan Reference'!$B$5:$B$22,0)) -> 10/leg
A44: 3 | B44: =Settings!$B$4+(A44-1)*7+0 -> 46223 | C44: =TEXT(B44,"dddd") -> Monday | D44: Circuit A - Lower Body & Core (Monday) | E44: Glute Bridge | F44: =INDEX('Plan Reference'!$C$5:$C$22,MATCH(E44,'Plan Reference'!$B$5:$B$22,0)) -> 3 | G44: =INDEX('Plan Reference'!$D$5:$D$22,MATCH(E44,'Plan Reference'!$B$5:$B$22,0)) -> 15
A45: 3 | B45: =Settings!$B$4+(A45-1)*7+0 -> 46223 | C45: =TEXT(B45,"dddd") -> Monday | D45: Circuit A - Lower Body & Core (Monday) | E45: Plank | F45: =INDEX('Plan Reference'!$C$5:$C$22,MATCH(E45,'Plan Reference'!$B$5:$B$22,0)) -> 3 | G45: =INDEX('Plan Reference'!$D$5:$D$22,MATCH(E45,'Plan Reference'!$B$5:$B$22,0)) -> 30-45 sec
A46: 3 | B46: =Settings!$B$4+(A46-1)*7+0 -> 46223 | C46: =TEXT(B46,"dddd") -> Monday | D46: Circuit A - Lower Body & Core (Monday) | E46: Standing Calf Raise | F46: =INDEX('Plan Reference'!$C$5:$C$22,MATCH(E46,'Plan Reference'!$B$5:$B$22,0)) -> 3 | G46: =INDEX('Plan Reference'!$D$5:$D$22,MATCH(E46,'Plan Reference'!$B$5:$B$22,0)) -> 15
A47: 3 | B47: =Settings!$B$4+(A47-1)*7+2 -> 46225 | C47: =TEXT(B47,"dddd") -> Wednesday | D47: Circuit B - Upper Body & Core (Wednesday) | E47: Dumbbell Floor Press | F47: =INDEX('Plan Reference'!$C$5:$C$22,MATCH(E47,'Plan Reference'!$B$5:$B$22,0)) -> 3 | G47: =INDEX('Plan Reference'!$D$5:$D$22,MATCH(E47,'Plan Reference'!$B$5:$B$22,0)) -> 12
A48: 3 | B48: =Settings!$B$4+(A48-1)*7+2 -> 46225 | C48: =TEXT(B48,"dddd") -> Wednesday | D48: Circuit B - Upper Body & Core (Wednesday) | E48: Dumbbell Bent-Over Row | F48: =INDEX('Plan Reference'!$C$5:$C$22,MATCH(E48,'Plan Reference'!$B$5:$B$22,0)) -> 3 | G48: =INDEX('Plan Reference'!$D$5:$D$22,MATCH(E48,'Plan Reference'!$B$5:$B$22,0)) -> 12
A49: 3 | B49: =Settings!$B$4+(A49-1)*7+2 -> 46225 | C49: =TEXT(B49,"dddd") -> Wednesday | D49: Circuit B - Upper Body & Core (Wednesday) | E49: Dumbbell Shoulder Press | F49: =INDEX('Plan Reference'!$C$5:$C$22,MATCH(E49,'Plan Reference'!$B$5:$B$22,0)) -> 3 | G49: =INDEX('Plan Reference'!$D$5:$D$22,MATCH(E49,'Plan Reference'!$B$5:$B$22,0)) -> 12
A50: 3 | B50: =Settings!$B$4+(A50-1)*7+2 -> 46225 | C50: =TEXT(B50,"dddd") -> Wednesday | D50: Circuit B - Upper Body & Core (Wednesday) | E50: Band Pull-Apart | F50: =INDEX('Plan Reference'!$C$5:$C$22,MATCH(E50,'Plan Reference'!$B$5:$B$22,0)) -> 3 | G50: =INDEX('Plan Reference'!$D$5:$D$22,MATCH(E50,'Plan Reference'!$B$5:$B$22,0)) -> 15
A51: 3 | B51: =Settings!$B$4+(A51-1)*7+2 -> 46225 | C51: =TEXT(B51,"dddd") -> Wednesday | D51: Circuit B - Upper Body & Core (Wednesday) | E51: Dumbbell Bicep Curl | F51: =INDEX('Plan Reference'!$C$5:$C$22,MATCH(E51,'Plan Reference'!$B$5:$B$22,0)) -> 3 | G51: =INDEX('Plan Reference'!$D$5:$D$22,MATCH(E51,'Plan Reference'!$B$5:$B$22,0)) -> 12
A52: 3 | B52: =Settings!$B$4+(A52-1)*7+2 -> 46225 | C52: =TEXT(B52,"dddd") -> Wednesday | D52: Circuit B - Upper Body & Core (Wednesday) | E52: Dead Bug | F52: =INDEX('Plan Reference'!$C$5:$C$22,MATCH(E52,'Plan Reference'!$B$5:$B$22,0)) -> 3 | G52: =INDEX('Plan Reference'!$D$5:$D$22,MATCH(E52,'Plan Reference'!$B$5:$B$22,0)) -> 12/side
A53: 3 | B53: =Settings!$B$4+(A53-1)*7+4 -> 46227 | C53: =TEXT(B53,"dddd") -> Friday | D53: Circuit C - Full Body & Core (Friday) | E53: Dumbbell Thruster | F53: =INDEX('Plan Reference'!$C$5:$C$22,MATCH(E53,'Plan Reference'!$B$5:$B$22,0)) -> 3 | G53: =INDEX('Plan Reference'!$D$5:$D$22,MATCH(E53,'Plan Reference'!$B$5:$B$22,0)) -> 12
A54: 3 | B54: =Settings!$B$4+(A54-1)*7+4 -> 46227 | C54: =TEXT(B54,"dddd") -> Friday | D54: Circuit C - Full Body & Core (Friday) | E54: Renegade Row | F54: =INDEX('Plan Reference'!$C$5:$C$22,MATCH(E54,'Plan Reference'!$B$5:$B$22,0)) -> 3 | G54: =INDEX('Plan Reference'!$D$5:$D$22,MATCH(E54,'Plan Reference'!$B$5:$B$22,0)) -> 10/side
A55: 3 | B55: =Settings!$B$4+(A55-1)*7+4 -> 46227 | C55: =TEXT(B55,"dddd") -> Friday | D55: Circuit C - Full Body & Core (Friday) | E55: Reverse Lunge to Curl | F55: =INDEX('Plan Reference'!$C$5:$C$22,MATCH(E55,'Plan Reference'!$B$5:$B$22,0)) -> 3 | G55: =INDEX('Plan Reference'!$D$5:$D$22,MATCH(E55,'Plan Reference'!$B$5:$B$22,0)) -> 10/leg
A56: 3 | B56: =Settings!$B$4+(A56-1)*7+4 -> 46227 | C56: =TEXT(B56,"dddd") -> Friday | D56: Circuit C - Full Body & Core (Friday) | E56: Bird Dog | F56: =INDEX('Plan Reference'!$C$5:$C$22,MATCH(E56,'Plan Reference'!$B$5:$B$22,0)) -> 3 | G56: =INDEX('Plan Reference'!$D$5:$D$22,MATCH(E56,'Plan Reference'!$B$5:$B$22,0)) -> 12/side
A57: 3 | B57: =Settings!$B$4+(A57-1)*7+4 -> 46227 | C57: =TEXT(B57,"dddd") -> Friday | D57: Circuit C - Full Body & Core (Friday) | E57: Side Plank | F57: =INDEX('Plan Reference'!$C$5:$C$22,MATCH(E57,'Plan Reference'!$B$5:$B$22,0)) -> 3 | G57: =INDEX('Plan Reference'!$D$5:$D$22,MATCH(E57,'Plan Reference'!$B$5:$B$22,0)) -> 20-30 sec/side
A58: 3 | B58: =Settings!$B$4+(A58-1)*7+4 -> 46227 | C58: =TEXT(B58,"dddd") -> Friday | D58: Circuit C - Full Body & Core (Friday) | E58: Mountain Climbers | F58: =INDEX('Plan Reference'!$C$5:$C$22,MATCH(E58,'Plan Reference'!$B$5:$B$22,0)) -> 3 | G58: =INDEX('Plan Reference'!$D$5:$D$22,MATCH(E58,'Plan Reference'!$B$5:$B$22,0)) -> 30 sec
A59: 4 | B59: =Settings!$B$4+(A59-1)*7+0 -> 46230 | C59: =TEXT(B59,"dddd") -> Monday | D59: Circuit A - Lower Body & Core (Monday) | E59: Goblet Squat | F59: =INDEX('Plan Reference'!$C$5:$C$22,MATCH(E59,'Plan Reference'!$B$5:$B$22,0)) -> 3 | G59: =INDEX('Plan Reference'!$D$5:$D$22,MATCH(E59,'Plan Reference'!$B$5:$B$22,0)) -> 12
A60: 4 | B60: =Settings!$B$4+(A60-1)*7+0 -> 46230 | C60: =TEXT(B60,"dddd") -> Monday | D60: Circuit A - Lower Body & Core (Monday) | E60: Dumbbell Romanian Deadlift | F60: =INDEX('Plan Reference'!$C$5:$C$22,MATCH(E60,'Plan Reference'!$B$5:$B$22,0)) -> 3 | G60: =INDEX('Plan Reference'!$D$5:$D$22,MATCH(E60,'Plan Reference'!$B$5:$B$22,0)) -> 12
A61: 4 | B61: =Settings!$B$4+(A61-1)*7+0 -> 46230 | C61: =TEXT(B61,"dddd") -> Monday | D61: Circuit A - Lower Body & Core (Monday) | E61: Dumbbell Walking Lunge | F61: =INDEX('Plan Reference'!$C$5:$C$22,MATCH(E61,'Plan Reference'!$B$5:$B$22,0)) -> 3 | G61: =INDEX('Plan Reference'!$D$5:$D$22,MATCH(E61,'Plan Reference'!$B$5:$B$22,0)) -> 10/leg
A62: 4 | B62: =Settings!$B$4+(A62-1)*7+0 -> 46230 | C62: =TEXT(B62,"dddd") -> Monday | D62: Circuit A - Lower Body & Core (Monday) | E62: Glute Bridge | F62: =INDEX('Plan Reference'!$C$5:$C$22,MATCH(E62,'Plan Reference'!$B$5:$B$22,0)) -> 3 | G62: =INDEX('Plan Reference'!$D$5:$D$22,MATCH(E62,'Plan Reference'!$B$5:$B$22,0)) -> 15
A63: 4 | B63: =Settings!$B$4+(A63-1)*7+0 -> 46230 | C63: =TEXT(B63,"dddd") -> Monday | D63: Circuit A - Lower Body & Core (Monday) | E63: Plank | F63: =INDEX('Plan Reference'!$C$5:$C$22,MATCH(E63,'Plan Reference'!$B$5:$B$22,0)) -> 3 | G63: =INDEX('Plan Reference'!$D$5:$D$22,MATCH(E63,'Plan Reference'!$B$5:$B$22,0)) -> 30-45 sec
A64: 4 | B64: =Settings!$B$4+(A64-1)*7+0 -> 46230 | C64: =TEXT(B64,"dddd") -> Monday | D64: Circuit A - Lower Body & Core (Monday) | E64: Standing Calf Raise | F64: =INDEX('Plan Reference'!$C$5:$C$22,MATCH(E64,'Plan Reference'!$B$5:$B$22,0)) -> 3 | G64: =INDEX('Plan Reference'!$D$5:$D$22,MATCH(E64,'Plan Reference'!$B$5:$B$22,0)) -> 15
A65: 4 | B65: =Settings!$B$4+(A65-1)*7+2 -> 46232 | C65: =TEXT(B65,"dddd") -> Wednesday | D65: Circuit B - Upper Body & Core (Wednesday) | E65: Dumbbell Floor Press | F65: =INDEX('Plan Reference'!$C$5:$C$22,MATCH(E65,'Plan Reference'!$B$5:$B$22,0)) -> 3 | G65: =INDEX('Plan Reference'!$D$5:$D$22,MATCH(E65,'Plan Reference'!$B$5:$B$22,0)) -> 12
A66: 4 | B66: =Settings!$B$4+(A66-1)*7+2 -> 46232 | C66: =TEXT(B66,"dddd") -> Wednesday | D66: Circuit B - Upper Body & Core (Wednesday) | E66: Dumbbell Bent-Over Row | F66: =INDEX('Plan Reference'!$C$5:$C$22,MATCH(E66,'Plan Reference'!$B$5:$B$22,0)) -> 3 | G66: =INDEX('Plan Reference'!$D$5:$D$22,MATCH(E66,'Plan Reference'!$B$5:$B$22,0)) -> 12
A67: 4 | B67: =Settings!$B$4+(A67-1)*7+2 -> 46232 | C67: =TEXT(B67,"dddd") -> Wednesday | D67: Circuit B - Upper Body & Core (Wednesday) | E67: Dumbbell Shoulder Press | F67: =INDEX('Plan Reference'!$C$5:$C$22,MATCH(E67,'Plan Reference'!$B$5:$B$22,0)) -> 3 | G67: =INDEX('Plan Reference'!$D$5:$D$22,MATCH(E67,'Plan Reference'!$B$5:$B$22,0)) -> 12
A68: 4 | B68: =Settings!$B$4+(A68-1)*7+2 -> 46232 | C68: =TEXT(B68,"dddd") -> Wednesday | D68: Circuit B - Upper Body & Core (Wednesday) | E68: Band Pull-Apart | F68: =INDEX('Plan Reference'!$C$5:$C$22,MATCH(E68,'Plan Reference'!$B$5:$B$22,0)) -> 3 | G68: =INDEX('Plan Reference'!$D$5:$D$22,MATCH(E68,'Plan Reference'!$B$5:$B$22,0)) -> 15
A69: 4 | B69: =Settings!$B$4+(A69-1)*7+2 -> 46232 | C69: =TEXT(B69,"dddd") -> Wednesday | D69: Circuit B - Upper Body & Core (Wednesday) | E69: Dumbbell Bicep Curl | F69: =INDEX('Plan Reference'!$C$5:$C$22,MATCH(E69,'Plan Reference'!$B$5:$B$22,0)) -> 3 | G69: =INDEX('Plan Reference'!$D$5:$D$22,MATCH(E69,'Plan Reference'!$B$5:$B$22,0)) -> 12
A70: 4 | B70: =Settings!$B$4+(A70-1)*7+2 -> 46232 | C70: =TEXT(B70,"dddd") -> Wednesday | D70: Circuit B - Upper Body & Core (Wednesday) | E70: Dead Bug | F70: =INDEX('Plan Reference'!$C$5:$C$22,MATCH(E70,'Plan Reference'!$B$5:$B$22,0)) -> 3 | G70: =INDEX('Plan Reference'!$D$5:$D$22,MATCH(E70,'Plan Reference'!$B$5:$B$22,0)) -> 12/side
A71: 4 | B71: =Settings!$B$4+(A71-1)*7+4 -> 46234 | C71: =TEXT(B71,"dddd") -> Friday | D71: Circuit C - Full Body & Core (Friday) | E71: Dumbbell Thruster | F71: =INDEX('Plan Reference'!$C$5:$C$22,MATCH(E71,'Plan Reference'!$B$5:$B$22,0)) -> 3 | G71: =INDEX('Plan Reference'!$D$5:$D$22,MATCH(E71,'Plan Reference'!$B$5:$B$22,0)) -> 12
A72: 4 | B72: =Settings!$B$4+(A72-1)*7+4 -> 46234 | C72: =TEXT(B72,"dddd") -> Friday | D72: Circuit C - Full Body & Core (Friday) | E72: Renegade Row | F72: =INDEX('Plan Reference'!$C$5:$C$22,MATCH(E72,'Plan Reference'!$B$5:$B$22,0)) -> 3 | G72: =INDEX('Plan Reference'!$D$5:$D$22,MATCH(E72,'Plan Reference'!$B$5:$B$22,0)) -> 10/side
A73: 4 | B73: =Settings!$B$4+(A73-1)*7+4 -> 46234 | C73: =TEXT(B73,"dddd") -> Friday | D73: Circuit C - Full Body & Core (Friday) | E73: Reverse Lunge to Curl | F73: =INDEX('Plan Reference'!$C$5:$C$22,MATCH(E73,'Plan Reference'!$B$5:$B$22,0)) -> 3 | G73: =INDEX('Plan Reference'!$D$5:$D$22,MATCH(E73,'Plan Reference'!$B$5:$B$22,0)) -> 10/leg
A74: 4 | B74: =Settings!$B$4+(A74-1)*7+4 -> 46234 | C74: =TEXT(B74,"dddd") -> Friday | D74: Circuit C - Full Body & Core (Friday) | E74: Bird Dog | F74: =INDEX('Plan Reference'!$C$5:$C$22,MATCH(E74,'Plan Reference'!$B$5:$B$22,0)) -> 3 | G74: =INDEX('Plan Reference'!$D$5:$D$22,MATCH(E74,'Plan Reference'!$B$5:$B$22,0)) -> 12/side
A75: 4 | B75: =Settings!$B$4+(A75-1)*7+4 -> 46234 | C75: =TEXT(B75,"dddd") -> Friday | D75: Circuit C - Full Body & Core (Friday) | E75: Side Plank | F75: =INDEX('Plan Reference'!$C$5:$C$22,MATCH(E75,'Plan Reference'!$B$5:$B$22,0)) -> 3 | G75: =INDEX('Plan Reference'!$D$5:$D$22,MATCH(E75,'Plan Reference'!$B$5:$B$22,0)) -> 20-30 sec/side
A76: 4 | B76: =Settings!$B$4+(A76-1)*7+4 -> 46234 | C76: =TEXT(B76,"dddd") -> Friday | D76: Circuit C - Full Body & Core (Friday) | E76: Mountain Climbers | F76: =INDEX('Plan Reference'!$C$5:$C$22,MATCH(E76,'Plan Reference'!$B$5:$B$22,0)) -> 3 | G76: =INDEX('Plan Reference'!$D$5:$D$22,MATCH(E76,'Plan Reference'!$B$5:$B$22,0)) -> 30 sec
A77: 5 | B77: =Settings!$B$4+(A77-1)*7+0 -> 46237 | C77: =TEXT(B77,"dddd") -> Monday | D77: Circuit A - Lower Body & Core (Monday) | E77: Goblet Squat | F77: =INDEX('Plan Reference'!$C$5:$C$22,MATCH(E77,'Plan Reference'!$B$5:$B$22,0)) -> 3 | G77: =INDEX('Plan Reference'!$D$5:$D$22,MATCH(E77,'Plan Reference'!$B$5:$B$22,0)) -> 12
A78: 5 | B78: =Settings!$B$4+(A78-1)*7+0 -> 46237 | C78: =TEXT(B78,"dddd") -> Monday | D78: Circuit A - Lower Body & Core (Monday) | E78: Dumbbell Romanian Deadlift | F78: =INDEX('Plan Reference'!$C$5:$C$22,MATCH(E78,'Plan Reference'!$B$5:$B$22,0)) -> 3 | G78: =INDEX('Plan Reference'!$D$5:$D$22,MATCH(E78,'Plan Reference'!$B$5:$B$22,0)) -> 12
A79: 5 | B79: =Settings!$B$4+(A79-1)*7+0 -> 46237 | C79: =TEXT(B79,"dddd") -> Monday | D79: Circuit A - Lower Body & Core (Monday) | E79: Dumbbell Walking Lunge | F79: =INDEX('Plan Reference'!$C$5:$C$22,MATCH(E79,'Plan Reference'!$B$5:$B$22,0)) -> 3 | G79: =INDEX('Plan Reference'!$D$5:$D$22,MATCH(E79,'Plan Reference'!$B$5:$B$22,0)) -> 10/leg
A80: 5 | B80: =Settings!$B$4+(A80-1)*7+0 -> 46237 | C80: =TEXT(B80,"dddd") -> Monday | D80: Circuit A - Lower Body & Core (Monday) | E80: Glute Bridge | F80: =INDEX('Plan Reference'!$C$5:$C$22,MATCH(E80,'Plan Reference'!$B$5:$B$22,0)) -> 3 | G80: =INDEX('Plan Reference'!$D$5:$D$22,MATCH(E80,'Plan Reference'!$B$5:$B$22,0)) -> 15
A81: 5 | B81: =Settings!$B$4+(A81-1)*7+0 -> 46237 | C81: =TEXT(B81,"dddd") -> Monday | D81: Circuit A - Lower Body & Core (Monday) | E81: Plank | F81: =INDEX('Plan Reference'!$C$5:$C$22,MATCH(E81,'Plan Reference'!$B$5:$B$22,0)) -> 3 | G81: =INDEX('Plan Reference'!$D$5:$D$22,MATCH(E81,'Plan Reference'!$B$5:$B$22,0)) -> 30-45 sec
A82: 5 | B82: =Settings!$B$4+(A82-1)*7+0 -> 46237 | C82: =TEXT(B82,"dddd") -> Monday | D82: Circuit A - Lower Body & Core (Monday) | E82: Standing Calf Raise | F82: =INDEX('Plan Reference'!$C$5:$C$22,MATCH(E82,'Plan Reference'!$B$5:$B$22,0)) -> 3 | G82: =INDEX('Plan Reference'!$D$5:$D$22,MATCH(E82,'Plan Reference'!$B$5:$B$22,0)) -> 15
A83: 5 | B83: =Settings!$B$4+(A83-1)*7+2 -> 46239 | C83: =TEXT(B83,"dddd") -> Wednesday | D83: Circuit B - Upper Body & Core (Wednesday) | E83: Dumbbell Floor Press | F83: =INDEX('Plan Reference'!$C$5:$C$22,MATCH(E83,'Plan Reference'!$B$5:$B$22,0)) -> 3 | G83: =INDEX('Plan Reference'!$D$5:$D$22,MATCH(E83,'Plan Reference'!$B$5:$B$22,0)) -> 12
A84: 5 | B84: =Settings!$B$4+(A84-1)*7+2 -> 46239 | C84: =TEXT(B84,"dddd") -> Wednesday | D84: Circuit B - Upper Body & Core (Wednesday) | E84: Dumbbell Bent-Over Row | F84: =INDEX('Plan Reference'!$C$5:$C$22,MATCH(E84,'Plan Reference'!$B$5:$B$22,0)) -> 3 | G84: =INDEX('Plan Reference'!$D$5:$D$22,MATCH(E84,'Plan Reference'!$B$5:$B$22,0)) -> 12
A85: 5 | B85: =Settings!$B$4+(A85-1)*7+2 -> 46239 | C85: =TEXT(B85,"dddd") -> Wednesday | D85: Circuit B - Upper Body & Core (Wednesday) | E85: Dumbbell Shoulder Press | F85: =INDEX('Plan Reference'!$C$5:$C$22,MATCH(E85,'Plan Reference'!$B$5:$B$22,0)) -> 3 | G85: =INDEX('Plan Reference'!$D$5:$D$22,MATCH(E85,'Plan Reference'!$B$5:$B$22,0)) -> 12
A86: 5 | B86: =Settings!$B$4+(A86-1)*7+2 -> 46239 | C86: =TEXT(B86,"dddd") -> Wednesday | D86: Circuit B - Upper Body & Core (Wednesday) | E86: Band Pull-Apart | F86: =INDEX('Plan Reference'!$C$5:$C$22,MATCH(E86,'Plan Reference'!$B$5:$B$22,0)) -> 3 | G86: =INDEX('Plan Reference'!$D$5:$D$22,MATCH(E86,'Plan Reference'!$B$5:$B$22,0)) -> 15
A87: 5 | B87: =Settings!$B$4+(A87-1)*7+2 -> 46239 | C87: =TEXT(B87,"dddd") -> Wednesday | D87: Circuit B - Upper Body & Core (Wednesday) | E87: Dumbbell Bicep Curl | F87: =INDEX('Plan Reference'!$C$5:$C$22,MATCH(E87,'Plan Reference'!$B$5:$B$22,0)) -> 3 | G87: =INDEX('Plan Reference'!$D$5:$D$22,MATCH(E87,'Plan Reference'!$B$5:$B$22,0)) -> 12
A88: 5 | B88: =Settings!$B$4+(A88-1)*7+2 -> 46239 | C88: =TEXT(B88,"dddd") -> Wednesday | D88: Circuit B - Upper Body & Core (Wednesday) | E88: Dead Bug | F88: =INDEX('Plan Reference'!$C$5:$C$22,MATCH(E88,'Plan Reference'!$B$5:$B$22,0)) -> 3 | G88: =INDEX('Plan Reference'!$D$5:$D$22,MATCH(E88,'Plan Reference'!$B$5:$B$22,0)) -> 12/side
A89: 5 | B89: =Settings!$B$4+(A89-1)*7+4 -> 46241 | C89: =TEXT(B89,"dddd") -> Friday | D89: Circuit C - Full Body & Core (Friday) | E89: Dumbbell Thruster | F89: =INDEX('Plan Reference'!$C$5:$C$22,MATCH(E89,'Plan Reference'!$B$5:$B$22,0)) -> 3 | G89: =INDEX('Plan Reference'!$D$5:$D$22,MATCH(E89,'Plan Reference'!$B$5:$B$22,0)) -> 12
A90: 5 | B90: =Settings!$B$4+(A90-1)*7+4 -> 46241 | C90: =TEXT(B90,"dddd") -> Friday | D90: Circuit C - Full Body & Core (Friday) | E90: Renegade Row | F90: =INDEX('Plan Reference'!$C$5:$C$22,MATCH(E90,'Plan Reference'!$B$5:$B$22,0)) -> 3 | G90: =INDEX('Plan Reference'!$D$5:$D$22,MATCH(E90,'Plan Reference'!$B$5:$B$22,0)) -> 10/side
A91: 5 | B91: =Settings!$B$4+(A91-1)*7+4 -> 46241 | C91: =TEXT(B91,"dddd") -> Friday | D91: Circuit C - Full Body & Core (Friday) | E91: Reverse Lunge to Curl | F91: =INDEX('Plan Reference'!$C$5:$C$22,MATCH(E91,'Plan Reference'!$B$5:$B$22,0)) -> 3 | G91: =INDEX('Plan Reference'!$D$5:$D$22,MATCH(E91,'Plan Reference'!$B$5:$B$22,0)) -> 10/leg
A92: 5 | B92: =Settings!$B$4+(A92-1)*7+4 -> 46241 | C92: =TEXT(B92,"dddd") -> Friday | D92: Circuit C - Full Body & Core (Friday) | E92: Bird Dog | F92: =INDEX('Plan Reference'!$C$5:$C$22,MATCH(E92,'Plan Reference'!$B$5:$B$22,0)) -> 3 | G92: =INDEX('Plan Reference'!$D$5:$D$22,MATCH(E92,'Plan Reference'!$B$5:$B$22,0)) -> 12/side
A93: 5 | B93: =Settings!$B$4+(A93-1)*7+4 -> 46241 | C93: =TEXT(B93,"dddd") -> Friday | D93: Circuit C - Full Body & Core (Friday) | E93: Side Plank | F93: =INDEX('Plan Reference'!$C$5:$C$22,MATCH(E93,'Plan Reference'!$B$5:$B$22,0)) -> 3 | G93: =INDEX('Plan Reference'!$D$5:$D$22,MATCH(E93,'Plan Reference'!$B$5:$B$22,0)) -> 20-30 sec/side
A94: 5 | B94: =Settings!$B$4+(A94-1)*7+4 -> 46241 | C94: =TEXT(B94,"dddd") -> Friday | D94: Circuit C - Full Body & Core (Friday) | E94: Mountain Climbers | F94: =INDEX('Plan Reference'!$C$5:$C$22,MATCH(E94,'Plan Reference'!$B$5:$B$22,0)) -> 3 | G94: =INDEX('Plan Reference'!$D$5:$D$22,MATCH(E94,'Plan Reference'!$B$5:$B$22,0)) -> 30 sec
A95: 6 | B95: =Settings!$B$4+(A95-1)*7+0 -> 46244 | C95: =TEXT(B95,"dddd") -> Monday | D95: Circuit A - Lower Body & Core (Monday) | E95: Goblet Squat | F95: =INDEX('Plan Reference'!$C$5:$C$22,MATCH(E95,'Plan Reference'!$B$5:$B$22,0)) -> 3 | G95: =INDEX('Plan Reference'!$D$5:$D$22,MATCH(E95,'Plan Reference'!$B$5:$B$22,0)) -> 12
A96: 6 | B96: =Settings!$B$4+(A96-1)*7+0 -> 46244 | C96: =TEXT(B96,"dddd") -> Monday | D96: Circuit A - Lower Body & Core (Monday) | E96: Dumbbell Romanian Deadlift | F96: =INDEX('Plan Reference'!$C$5:$C$22,MATCH(E96,'Plan Reference'!$B$5:$B$22,0)) -> 3 | G96: =INDEX('Plan Reference'!$D$5:$D$22,MATCH(E96,'Plan Reference'!$B$5:$B$22,0)) -> 12
A97: 6 | B97: =Settings!$B$4+(A97-1)*7+0 -> 46244 | C97: =TEXT(B97,"dddd") -> Monday | D97: Circuit A - Lower Body & Core (Monday) | E97: Dumbbell Walking Lunge | F97: =INDEX('Plan Reference'!$C$5:$C$22,MATCH(E97,'Plan Reference'!$B$5:$B$22,0)) -> 3 | G97: =INDEX('Plan Reference'!$D$5:$D$22,MATCH(E97,'Plan Reference'!$B$5:$B$22,0)) -> 10/leg
A98: 6 | B98: =Settings!$B$4+(A98-1)*7+0 -> 46244 | C98: =TEXT(B98,"dddd") -> Monday | D98: Circuit A - Lower Body & Core (Monday) | E98: Glute Bridge | F98: =INDEX('Plan Reference'!$C$5:$C$22,MATCH(E98,'Plan Reference'!$B$5:$B$22,0)) -> 3 | G98: =INDEX('Plan Reference'!$D$5:$D$22,MATCH(E98,'Plan Reference'!$B$5:$B$22,0)) -> 15
A99: 6 | B99: =Settings!$B$4+(A99-1)*7+0 -> 46244 | C99: =TEXT(B99,"dddd") -> Monday | D99: Circuit A - Lower Body & Core (Monday) | E99: Plank | F99: =INDEX('Plan Reference'!$C$5:$C$22,MATCH(E99,'Plan Reference'!$B$5:$B$22,0)) -> 3 | G99: =INDEX('Plan Reference'!$D$5:$D$22,MATCH(E99,'Plan Reference'!$B$5:$B$22,0)) -> 30-45 sec
A100: 6 | B100: =Settings!$B$4+(A100-1)*7+0 -> 46244 | C100: =TEXT(B100,"dddd") -> Monday | D100: Circuit A - Lower Body & Core (Monday) | E100: Standing Calf Raise | F100: =INDEX('Plan Reference'!$C$5:$C$22,MATCH(E100,'Plan Reference'!$B$5:$B$22,0)) -> 3 | G100: =INDEX('Plan Reference'!$D$5:$D$22,MATCH(E100,'Plan Reference'!$B$5:$B$22,0)) -> 15
A101: 6 | B101: =Settings!$B$4+(A101-1)*7+2 -> 46246 | C101: =TEXT(B101,"dddd") -> Wednesday | D101: Circuit B - Upper Body & Core (Wednesday) | E101: Dumbbell Floor Press | F101: =INDEX('Plan Reference'!$C$5:$C$22,MATCH(E101,'Plan Reference'!$B$5:$B$22,0)) -> 3 | G101: =INDEX('Plan Reference'!$D$5:$D$22,MATCH(E101,'Plan Reference'!$B$5:$B$22,0)) -> 12
...

Sheet Weight & Waist
A1: Weight & Waist Log
A2: Measure every weekend (Sunday). Week 0 is your baseline and is linked to Settings.
A4: Week # | B4: Date | C4: Weight (lb) | D4: Waist (in) | E4: Goal Weight (lb) | F4: Goal Waist (in) | G4: Δ Weight from Start | H4: Δ Waist from Start | I4: Δ Weight from Prior Week | J4: % Progress to Goal Weight | K4: % Progress to Goal Waist | L4: Notes
A5: 0 | B5: =Settings!$B$4-1 -> 46208 | C5: =Settings!$B$5 -> 185 | D5: =Settings!$B$6 -> 35 | E5: =Settings!$B$7 -> 165 | F5: =Settings!$B$8 -> 32 | G5: =IF(C5="","",C5-Settings!$B$5) -> 0 | H5: =IF(D5="","",D5-Settings!$B$6) -> 0 | J5: =IF(C5="","",(Settings!$B$5-C5)/(Settings!$B$5-Settings!$B$7)) -> 0 | K5: =IF(D5="","",(Settings!$B$6-D5)/(Settings!$B$6-Settings!$B$8)) -> 0 | L5: Baseline
A6: 1 | B6: =Settings!$B$4+(1-1)*7+6 -> 46215 | E6: =Settings!$B$7 -> 165 | F6: =Settings!$B$8 -> 32 | G6: =IF(C6="","",C6-Settings!$B$5) | H6: =IF(D6="","",D6-Settings!$B$6) | I6: =IF(OR(C6="",C5=""),"",C6-C5) | J6: =IF(C6="","",(Settings!$B$5-C6)/(Settings!$B$5-Settings!$B$7)) | K6: =IF(D6="","",(Settings!$B$6-D6)/(Settings!$B$6-Settings!$B$8))
A7: 2 | B7: =Settings!$B$4+(2-1)*7+6 -> 46222 | E7: =Settings!$B$7 -> 165 | F7: =Settings!$B$8 -> 32 | G7: =IF(C7="","",C7-Settings!$B$5) | H7: =IF(D7="","",D7-Settings!$B$6) | I7: =IF(OR(C7="",C6=""),"",C7-C6) | J7: =IF(C7="","",(Settings!$B$5-C7)/(Settings!$B$5-Settings!$B$7)) | K7: =IF(D7="","",(Settings!$B$6-D7)/(Settings!$B$6-Settings!$B$8))
A8: 3 | B8: =Settings!$B$4+(3-1)*7+6 -> 46229 | E8: =Settings!$B$7 -> 165 | F8: =Settings!$B$8 -> 32 | G8: =IF(C8="","",C8-Settings!$B$5) | H8: =IF(D8="","",D8-Settings!$B$6) | I8: =IF(OR(C8="",C7=""),"",C8-C7) | J8: =IF(C8="","",(Settings!$B$5-C8)/(Settings!$B$5-Settings!$B$7)) | K8: =IF(D8="","",(Settings!$B$6-D8)/(Settings!$B$6-Settings!$B$8))
A9: 4 | B9: =Settings!$B$4+(4-1)*7+6 -> 46236 | E9: =Settings!$B$7 -> 165 | F9: =Settings!$B$8 -> 32 | G9: =IF(C9="","",C9-Settings!$B$5) | H9: =IF(D9="","",D9-Settings!$B$6) | I9: =IF(OR(C9="",C8=""),"",C9-C8) | J9: =IF(C9="","",(Settings!$B$5-C9)/(Settings!$B$5-Settings!$B$7)) | K9: =IF(D9="","",(Settings!$B$6-D9)/(Settings!$B$6-Settings!$B$8))
A10: 5 | B10: =Settings!$B$4+(5-1)*7+6 -> 46243 | E10: =Settings!$B$7 -> 165 | F10: =Settings!$B$8 -> 32 | G10: =IF(C10="","",C10-Settings!$B$5) | H10: =IF(D10="","",D10-Settings!$B$6) | I10: =IF(OR(C10="",C9=""),"",C10-C9) | J10: =IF(C10="","",(Settings!$B$5-C10)/(Settings!$B$5-Settings!$B$7)) | K10: =IF(D10="","",(Settings!$B$6-D10)/(Settings!$B$6-Settings!$B$8))
A11: 6 | B11: =Settings!$B$4+(6-1)*7+6 -> 46250 | E11: =Settings!$B$7 -> 165 | F11: =Settings!$B$8 -> 32 | G11: =IF(C11="","",C11-Settings!$B$5) | H11: =IF(D11="","",D11-Settings!$B$6) | I11: =IF(OR(C11="",C10=""),"",C11-C10) | J11: =IF(C11="","",(Settings!$B$5-C11)/(Settings!$B$5-Settings!$B$7)) | K11: =IF(D11="","",(Settings!$B$6-D11)/(Settings!$B$6-Settings!$B$8))
A12: 7 | B12: =Settings!$B$4+(7-1)*7+6 -> 46257 | E12: =Settings!$B$7 -> 165 | F12: =Settings!$B$8 -> 32 | G12: =IF(C12="","",C12-Settings!$B$5) | H12: =IF(D12="","",D12-Settings!$B$6) | I12: =IF(OR(C12="",C11=""),"",C12-C11) | J12: =IF(C12="","",(Settings!$B$5-C12)/(Settings!$B$5-Settings!$B$7)) | K12: =IF(D12="","",(Settings!$B$6-D12)/(Settings!$B$6-Settings!$B$8))
A13: 8 | B13: =Settings!$B$4+(8-1)*7+6 -> 46264 | E13: =Settings!$B$7 -> 165 | F13: =Settings!$B$8 -> 32 | G13: =IF(C13="","",C13-Settings!$B$5) | H13: =IF(D13="","",D13-Settings!$B$6) | I13: =IF(OR(C13="",C12=""),"",C13-C12) | J13: =IF(C13="","",(Settings!$B$5-C13)/(Settings!$B$5-Settings!$B$7)) | K13: =IF(D13="","",(Settings!$B$6-D13)/(Settings!$B$6-Settings!$B$8))
A14: 9 | B14: =Settings!$B$4+(9-1)*7+6 -> 46271 | E14: =Settings!$B$7 -> 165 | F14: =Settings!$B$8 -> 32 | G14: =IF(C14="","",C14-Settings!$B$5) | H14: =IF(D14="","",D14-Settings!$B$6) | I14: =IF(OR(C14="",C13=""),"",C14-C13) | J14: =IF(C14="","",(Settings!$B$5-C14)/(Settings!$B$5-Settings!$B$7)) | K14: =IF(D14="","",(Settings!$B$6-D14)/(Settings!$B$6-Settings!$B$8))
A15: 10 | B15: =Settings!$B$4+(10-1)*7+6 -> 46278 | E15: =Settings!$B$7 -> 165 | F15: =Settings!$B$8 -> 32 | G15: =IF(C15="","",C15-Settings!$B$5) | H15: =IF(D15="","",D15-Settings!$B$6) | I15: =IF(OR(C15="",C14=""),"",C15-C14) | J15: =IF(C15="","",(Settings!$B$5-C15)/(Settings!$B$5-Settings!$B$7)) | K15: =IF(D15="","",(Settings!$B$6-D15)/(Settings!$B$6-Settings!$B$8))
A16: 11 | B16: =Settings!$B$4+(11-1)*7+6 -> 46285 | E16: =Settings!$B$7 -> 165 | F16: =Settings!$B$8 -> 32 | G16: =IF(C16="","",C16-Settings!$B$5) | H16: =IF(D16="","",D16-Settings!$B$6) | I16: =IF(OR(C16="",C15=""),"",C16-C15) | J16: =IF(C16="","",(Settings!$B$5-C16)/(Settings!$B$5-Settings!$B$7)) | K16: =IF(D16="","",(Settings!$B$6-D16)/(Settings!$B$6-Settings!$B$8))
A17: 12 | B17: =Settings!$B$4+(12-1)*7+6 -> 46292 | E17: =Settings!$B$7 -> 165 | F17: =Settings!$B$8 -> 32 | G17: =IF(C17="","",C17-Settings!$B$5) | H17: =IF(D17="","",D17-Settings!$B$6) | I17: =IF(OR(C17="",C16=""),"",C17-C16) | J17: =IF(C17="","",(Settings!$B$5-C17)/(Settings!$B$5-Settings!$B$7)) | K17: =IF(D17="","",(Settings!$B$6-D17)/(Settings!$B$6-Settings!$B$8))

Sheet Trends
A1: Weekly Trend Aggregates
A2: Calculated automatically from Daily Log and Strength Log. Feeds the Dashboard charts.
A4: Week # | B4: Weekly Jog Mileage (mi) | C4: Target Weekly Mileage (mi) | D4: Strength Sessions Completed | E4: Target Sessions/Week | F4: Goblet Squat - Max Weight (lb) | G4: Dumbbell Floor Press - Max Weight (lb) | H4: Dumbbell Thruster - Max Weight (lb)
A5: 1 | B5: =SUMIFS('Daily Log'!$E$5:$E$88,'Daily Log'!$A$5:$A$88,A5) -> 0 | C5: =Settings!$B$9/4.33 -> 13.856813 | D5: =ROUND(COUNTIFS('Strength Log'!$A$5:$A$220,A5,'Strength Log'!$H$5:$H$220,"<>")/6,1) -> 0 | E5: =Settings!$B$10 -> 3 | F5: =IFERROR(maxifs('Strength Log'!$J$5:$J$220,'Strength Log'!$A$5:$A$220,A5,'Strength Log'!$E$5:$E$220,"Goblet Squat"),"") | G5: =IFERROR(maxifs('Strength Log'!$J$5:$J$220,'Strength Log'!$A$5:$A$220,A5,'Strength Log'!$E$5:$E$220,"Dumbbell Floor Press"),"") | H5: =IFERROR(maxifs('Strength Log'!$J$5:$J$220,'Strength Log'!$A$5:$A$220,A5,'Strength Log'!$E$5:$E$220,"Dumbbell Thruster"),"")
A6: 2 | B6: =SUMIFS('Daily Log'!$E$5:$E$88,'Daily Log'!$A$5:$A$88,A6) -> 0 | C6: =Settings!$B$9/4.33 -> 13.856813 | D6: =ROUND(COUNTIFS('Strength Log'!$A$5:$A$220,A6,'Strength Log'!$H$5:$H$220,"<>")/6,1) -> 0 | E6: =Settings!$B$10 -> 3 | F6: =IFERROR(maxifs('Strength Log'!$J$5:$J$220,'Strength Log'!$A$5:$A$220,A6,'Strength Log'!$E$5:$E$220,"Goblet Squat"),"") | G6: =IFERROR(maxifs('Strength Log'!$J$5:$J$220,'Strength Log'!$A$5:$A$220,A6,'Strength Log'!$E$5:$E$220,"Dumbbell Floor Press"),"") | H6: =IFERROR(maxifs('Strength Log'!$J$5:$J$220,'Strength Log'!$A$5:$A$220,A6,'Strength Log'!$E$5:$E$220,"Dumbbell Thruster"),"")
A7: 3 | B7: =SUMIFS('Daily Log'!$E$5:$E$88,'Daily Log'!$A$5:$A$88,A7) -> 0 | C7: =Settings!$B$9/4.33 -> 13.856813 | D7: =ROUND(COUNTIFS('Strength Log'!$A$5:$A$220,A7,'Strength Log'!$H$5:$H$220,"<>")/6,1) -> 0 | E7: =Settings!$B$10 -> 3 | F7: =IFERROR(maxifs('Strength Log'!$J$5:$J$220,'Strength Log'!$A$5:$A$220,A7,'Strength Log'!$E$5:$E$220,"Goblet Squat"),"") | G7: =IFERROR(maxifs('Strength Log'!$J$5:$J$220,'Strength Log'!$A$5:$A$220,A7,'Strength Log'!$E$5:$E$220,"Dumbbell Floor Press"),"") | H7: =IFERROR(maxifs('Strength Log'!$J$5:$J$220,'Strength Log'!$A$5:$A$220,A7,'Strength Log'!$E$5:$E$220,"Dumbbell Thruster"),"")
A8: 4 | B8: =SUMIFS('Daily Log'!$E$5:$E$88,'Daily Log'!$A$5:$A$88,A8) -> 0 | C8: =Settings!$B$9/4.33 -> 13.856813 | D8: =ROUND(COUNTIFS('Strength Log'!$A$5:$A$220,A8,'Strength Log'!$H$5:$H$220,"<>")/6,1) -> 0 | E8: =Settings!$B$10 -> 3 | F8: =IFERROR(maxifs('Strength Log'!$J$5:$J$220,'Strength Log'!$A$5:$A$220,A8,'Strength Log'!$E$5:$E$220,"Goblet Squat"),"") | G8: =IFERROR(maxifs('Strength Log'!$J$5:$J$220,'Strength Log'!$A$5:$A$220,A8,'Strength Log'!$E$5:$E$220,"Dumbbell Floor Press"),"") | H8: =IFERROR(maxifs('Strength Log'!$J$5:$J$220,'Strength Log'!$A$5:$A$220,A8,'Strength Log'!$E$5:$E$220,"Dumbbell Thruster"),"")
A9: 5 | B9: =SUMIFS('Daily Log'!$E$5:$E$88,'Daily Log'!$A$5:$A$88,A9) -> 0 | C9: =Settings!$B$9/4.33 -> 13.856813 | D9: =ROUND(COUNTIFS('Strength Log'!$A$5:$A$220,A9,'Strength Log'!$H$5:$H$220,"<>")/6,1) -> 0 | E9: =Settings!$B$10 -> 3 | F9: =IFERROR(maxifs('Strength Log'!$J$5:$J$220,'Strength Log'!$A$5:$A$220,A9,'Strength Log'!$E$5:$E$220,"Goblet Squat"),"") | G9: =IFERROR(maxifs('Strength Log'!$J$5:$J$220,'Strength Log'!$A$5:$A$220,A9,'Strength Log'!$E$5:$E$220,"Dumbbell Floor Press"),"") | H9: =IFERROR(maxifs('Strength Log'!$J$5:$J$220,'Strength Log'!$A$5:$A$220,A9,'Strength Log'!$E$5:$E$220,"Dumbbell Thruster"),"")
A10: 6 | B10: =SUMIFS('Daily Log'!$E$5:$E$88,'Daily Log'!$A$5:$A$88,A10) -> 0 | C10: =Settings!$B$9/4.33 -> 13.856813 | D10: =ROUND(COUNTIFS('Strength Log'!$A$5:$A$220,A10,'Strength Log'!$H$5:$H$220,"<>")/6,1) -> 0 | E10: =Settings!$B$10 -> 3 | F10: =IFERROR(maxifs('Strength Log'!$J$5:$J$220,'Strength Log'!$A$5:$A$220,A10,'Strength Log'!$E$5:$E$220,"Goblet Squat"),"") | G10: =IFERROR(maxifs('Strength Log'!$J$5:$J$220,'Strength Log'!$A$5:$A$220,A10,'Strength Log'!$E$5:$E$220,"Dumbbell Floor Press"),"") | H10: =IFERROR(maxifs('Strength Log'!$J$5:$J$220,'Strength Log'!$A$5:$A$220,A10,'Strength Log'!$E$5:$E$220,"Dumbbell Thruster"),"")
A11: 7 | B11: =SUMIFS('Daily Log'!$E$5:$E$88,'Daily Log'!$A$5:$A$88,A11) -> 0 | C11: =Settings!$B$9/4.33 -> 13.856813 | D11: =ROUND(COUNTIFS('Strength Log'!$A$5:$A$220,A11,'Strength Log'!$H$5:$H$220,"<>")/6,1) -> 0 | E11: =Settings!$B$10 -> 3 | F11: =IFERROR(maxifs('Strength Log'!$J$5:$J$220,'Strength Log'!$A$5:$A$220,A11,'Strength Log'!$E$5:$E$220,"Goblet Squat"),"") | G11: =IFERROR(maxifs('Strength Log'!$J$5:$J$220,'Strength Log'!$A$5:$A$220,A11,'Strength Log'!$E$5:$E$220,"Dumbbell Floor Press"),"") | H11: =IFERROR(maxifs('Strength Log'!$J$5:$J$220,'Strength Log'!$A$5:$A$220,A11,'Strength Log'!$E$5:$E$220,"Dumbbell Thruster"),"")
A12: 8 | B12: =SUMIFS('Daily Log'!$E$5:$E$88,'Daily Log'!$A$5:$A$88,A12) -> 0 | C12: =Settings!$B$9/4.33 -> 13.856813 | D12: =ROUND(COUNTIFS('Strength Log'!$A$5:$A$220,A12,'Strength Log'!$H$5:$H$220,"<>")/6,1) -> 0 | E12: =Settings!$B$10 -> 3 | F12: =IFERROR(maxifs('Strength Log'!$J$5:$J$220,'Strength Log'!$A$5:$A$220,A12,'Strength Log'!$E$5:$E$220,"Goblet Squat"),"") | G12: =IFERROR(maxifs('Strength Log'!$J$5:$J$220,'Strength Log'!$A$5:$A$220,A12,'Strength Log'!$E$5:$E$220,"Dumbbell Floor Press"),"") | H12: =IFERROR(maxifs('Strength Log'!$J$5:$J$220,'Strength Log'!$A$5:$A$220,A12,'Strength Log'!$E$5:$E$220,"Dumbbell Thruster"),"")
A13: 9 | B13: =SUMIFS('Daily Log'!$E$5:$E$88,'Daily Log'!$A$5:$A$88,A13) -> 0 | C13: =Settings!$B$9/4.33 -> 13.856813 | D13: =ROUND(COUNTIFS('Strength Log'!$A$5:$A$220,A13,'Strength Log'!$H$5:$H$220,"<>")/6,1) -> 0 | E13: =Settings!$B$10 -> 3 | F13: =IFERROR(maxifs('Strength Log'!$J$5:$J$220,'Strength Log'!$A$5:$A$220,A13,'Strength Log'!$E$5:$E$220,"Goblet Squat"),"") | G13: =IFERROR(maxifs('Strength Log'!$J$5:$J$220,'Strength Log'!$A$5:$A$220,A13,'Strength Log'!$E$5:$E$220,"Dumbbell Floor Press"),"") | H13: =IFERROR(maxifs('Strength Log'!$J$5:$J$220,'Strength Log'!$A$5:$A$220,A13,'Strength Log'!$E$5:$E$220,"Dumbbell Thruster"),"")
A14: 10 | B14: =SUMIFS('Daily Log'!$E$5:$E$88,'Daily Log'!$A$5:$A$88,A14) -> 0 | C14: =Settings!$B$9/4.33 -> 13.856813 | D14: =ROUND(COUNTIFS('Strength Log'!$A$5:$A$220,A14,'Strength Log'!$H$5:$H$220,"<>")/6,1) -> 0 | E14: =Settings!$B$10 -> 3 | F14: =IFERROR(maxifs('Strength Log'!$J$5:$J$220,'Strength Log'!$A$5:$A$220,A14,'Strength Log'!$E$5:$E$220,"Goblet Squat"),"") | G14: =IFERROR(maxifs('Strength Log'!$J$5:$J$220,'Strength Log'!$A$5:$A$220,A14,'Strength Log'!$E$5:$E$220,"Dumbbell Floor Press"),"") | H14: =IFERROR(maxifs('Strength Log'!$J$5:$J$220,'Strength Log'!$A$5:$A$220,A14,'Strength Log'!$E$5:$E$220,"Dumbbell Thruster"),"")
A15: 11 | B15: =SUMIFS('Daily Log'!$E$5:$E$88,'Daily Log'!$A$5:$A$88,A15) -> 0 | C15: =Settings!$B$9/4.33 -> 13.856813 | D15: =ROUND(COUNTIFS('Strength Log'!$A$5:$A$220,A15,'Strength Log'!$H$5:$H$220,"<>")/6,1) -> 0 | E15: =Settings!$B$10 -> 3 | F15: =IFERROR(maxifs('Strength Log'!$J$5:$J$220,'Strength Log'!$A$5:$A$220,A15,'Strength Log'!$E$5:$E$220,"Goblet Squat"),"") | G15: =IFERROR(maxifs('Strength Log'!$J$5:$J$220,'Strength Log'!$A$5:$A$220,A15,'Strength Log'!$E$5:$E$220,"Dumbbell Floor Press"),"") | H15: =IFERROR(maxifs('Strength Log'!$J$5:$J$220,'Strength Log'!$A$5:$A$220,A15,'Strength Log'!$E$5:$E$220,"Dumbbell Thruster"),"")
A16: 12 | B16: =SUMIFS('Daily Log'!$E$5:$E$88,'Daily Log'!$A$5:$A$88,A16) -> 0 | C16: =Settings!$B$9/4.33 -> 13.856813 | D16: =ROUND(COUNTIFS('Strength Log'!$A$5:$A$220,A16,'Strength Log'!$H$5:$H$220,"<>")/6,1) -> 0 | E16: =Settings!$B$10 -> 3 | F16: =IFERROR(maxifs('Strength Log'!$J$5:$J$220,'Strength Log'!$A$5:$A$220,A16,'Strength Log'!$E$5:$E$220,"Goblet Squat"),"") | G16: =IFERROR(maxifs('Strength Log'!$J$5:$J$220,'Strength Log'!$A$5:$A$220,A16,'Strength Log'!$E$5:$E$220,"Dumbbell Floor Press"),"") | H16: =IFERROR(maxifs('Strength Log'!$J$5:$J$220,'Strength Log'!$A$5:$A$220,A16,'Strength Log'!$E$5:$E$220,"Dumbbell Thruster"),"")

Sheet Dashboard
A1: Amit's Progress Dashboard
A2: All charts update automatically as you log data in Strength Log, Daily Log, and Weight & Waist.
